game_id,user_id,block_id,break_count,created_at,updated_at
4,15,14,77,2026-05-04 11:33:46.053138+00,2026-05-04 12:02:02.857288+00
3,17,10,122,2026-05-04 13:09:12.211374+00,2026-05-05 03:18:01.349199+00
4,32,19,189,2026-05-05 03:41:51.553841+00,2026-05-06 03:07:38.575313+00
3,55,5,134,2026-05-05 13:26:37.5475+00,2026-05-05 14:01:13.941978+00
3,27,7,26,2026-05-04 17:55:58.897753+00,2026-05-04 18:07:34.501663+00
3,48,5,74,2026-05-05 13:26:14.768365+00,2026-05-05 14:19:29.152845+00
3,12,6,65,2026-05-04 09:15:47.535961+00,2026-05-04 13:28:08.769906+00
3,12,5,54,2026-05-04 09:15:47.535961+00,2026-05-04 13:28:08.769906+00
3,20,9,117,2026-05-04 15:27:07.992761+00,2026-05-05 13:34:10.772367+00
3,44,10,26,2026-05-05 13:26:26.387252+00,2026-05-05 13:57:33.405454+00
3,16,4,29,2026-05-04 13:06:55.214377+00,2026-05-05 01:16:03.593588+00
3,33,10,3,2026-05-05 03:15:10.204386+00,2026-05-05 03:15:58.241262+00
3,12,3,84,2026-05-04 09:15:49.038032+00,2026-05-04 13:28:18.277475+00
3,16,5,30,2026-05-04 13:07:07.220955+00,2026-05-04 15:22:19.708061+00
3,13,4,195,2026-05-04 09:17:51.158553+00,2026-05-06 04:59:46.114792+00
3,12,10,22,2026-05-04 09:15:52.543043+00,2026-05-04 13:28:18.77744+00
3,19,9,44,2026-05-04 14:04:15.948329+00,2026-05-05 17:34:20.410151+00
3,16,3,32,2026-05-04 13:08:05.217362+00,2026-05-06 01:31:43.745248+00
3,27,8,22,2026-05-04 17:59:16.027524+00,2026-05-04 18:08:17.545936+00
3,24,7,3,2026-05-04 14:52:45.084181+00,2026-05-04 14:53:18.792352+00
3,12,4,55,2026-05-04 09:15:52.543043+00,2026-05-04 13:28:25.782238+00
3,75,4,19,2026-05-06 05:41:43.73088+00,2026-05-06 05:46:13.983289+00
3,16,10,14,2026-05-04 13:07:21.728496+00,2026-05-05 01:16:17.095734+00
4,18,13,18,2026-05-04 14:04:07.298228+00,2026-05-04 14:21:17.65135+00
4,14,19,8,2026-05-05 13:03:43.688748+00,2026-05-05 13:08:32.467883+00
4,18,12,12,2026-05-04 14:05:29.375472+00,2026-05-04 14:21:17.65135+00
3,41,6,128,2026-05-05 09:41:23.098024+00,2026-05-05 12:50:22.554291+00
4,12,14,3,2026-05-04 13:25:14.434039+00,2026-05-04 13:25:15.935944+00
4,18,11,14,2026-05-04 14:03:59.29344+00,2026-05-04 14:21:17.65135+00
4,19,17,118,2026-05-04 14:16:03.888433+00,2026-05-05 17:38:54.145778+00
4,32,12,761,2026-05-05 03:40:51.995+00,2026-05-06 03:07:52.09073+00
3,18,2,34,2026-05-04 13:42:32.936967+00,2026-05-04 14:11:21.786151+00
3,40,8,116,2026-05-05 09:31:29.134355+00,2026-05-05 13:43:57.742815+00
3,33,1,20,2026-05-05 03:11:41.566261+00,2026-05-05 03:16:26.272998+00
3,35,4,40,2026-05-05 05:56:19.016787+00,2026-05-05 06:09:53.150492+00
3,24,3,9,2026-05-04 14:52:28.176145+00,2026-05-04 14:53:27.302061+00
4,18,15,6,2026-05-04 14:04:00.794481+00,2026-05-04 14:19:17.564511+00
3,29,1,77,2026-05-04 19:29:23.466147+00,2026-05-04 19:59:20.573491+00
3,18,3,39,2026-05-04 13:44:23.011474+00,2026-05-04 14:11:26.792537+00
3,34,1,1683,2026-05-05 04:38:29.947358+00,2026-05-06 01:03:56.972592+00
4,15,20,29,2026-05-04 11:33:43.048977+00,2026-05-04 12:01:13.810686+00
3,18,1,37,2026-05-04 13:42:27.935973+00,2026-05-04 14:11:26.792537+00
4,18,16,2,2026-05-04 14:03:56.789369+00,2026-05-04 14:10:19.605801+00
4,25,15,292,2026-05-04 23:59:05.81613+00,2026-05-06 00:15:09.01385+00
3,26,5,41,2026-05-04 16:30:57.987292+00,2026-05-04 16:49:02.802384+00
4,20,18,360,2026-05-04 15:34:17.155124+00,2026-05-05 15:44:57.038164+00
3,26,8,22,2026-05-04 16:32:34.556684+00,2026-05-04 16:38:06.33055+00
3,42,9,24,2026-05-06 05:24:14.763084+00,2026-05-06 05:37:50.46211+00
4,18,14,7,2026-05-04 14:06:47.459254+00,2026-05-04 14:20:25.57397+00
4,12,12,2,2026-05-04 13:25:19.44042+00,2026-05-04 13:25:20.942481+00
3,13,5,177,2026-05-04 11:09:02.318514+00,2026-05-06 05:00:00.627895+00
3,16,8,17,2026-05-04 13:06:50.211226+00,2026-05-04 15:18:43.57513+00
3,13,1,350,2026-05-04 09:17:46.654196+00,2026-05-06 05:00:00.627895+00
4,19,12,289,2026-05-04 14:16:03.389231+00,2026-05-05 17:39:07.15981+00
4,14,20,7,2026-05-04 10:57:47.947373+00,2026-05-05 13:08:37.47094+00
3,34,8,408,2026-05-05 04:38:07.435208+00,2026-05-06 01:04:15.99715+00
3,13,10,84,2026-05-04 09:17:51.158553+00,2026-05-06 05:00:01.627626+00
3,74,4,76,2026-05-06 02:10:46.503641+00,2026-05-06 03:53:18.367659+00
3,14,3,50,2026-05-04 10:33:59.219638+00,2026-05-05 12:59:19.498483+00
4,42,14,435,2026-05-05 10:02:23.703109+00,2026-05-06 05:21:47.13206+00
4,13,17,78,2026-05-04 13:05:50.479733+00,2026-05-06 04:14:59.48683+00
4,14,12,37,2026-05-04 10:57:12.421759+00,2026-05-05 13:08:40.473226+00
4,14,13,36,2026-05-04 10:57:28.434096+00,2026-05-05 13:08:41.472692+00
4,13,14,128,2026-05-04 13:05:40.970094+00,2026-05-06 04:14:59.48683+00
3,74,6,46,2026-05-06 02:10:50.935344+00,2026-05-06 03:52:19.291507+00
3,16,7,16,2026-05-04 13:06:36.705035+00,2026-05-04 15:21:40.668289+00
3,16,9,11,2026-05-04 13:07:59.76517+00,2026-05-06 01:31:31.981272+00
3,14,4,31,2026-05-04 10:33:58.221326+00,2026-05-05 13:12:05.678447+00
3,23,8,72,2026-05-04 14:55:23.862368+00,2026-05-04 15:22:53.731177+00
4,15,18,34,2026-05-04 11:33:41.549066+00,2026-05-04 12:01:23.824445+00
4,26,11,102,2026-05-04 16:38:53.668619+00,2026-05-04 16:47:09.029837+00
3,32,3,630,2026-05-05 03:12:50.820971+00,2026-05-06 03:00:48.79451+00
4,18,18,3,2026-05-04 14:10:13.598148+00,2026-05-04 14:20:40.621282+00
3,14,6,30,2026-05-04 10:33:36.209479+00,2026-05-05 13:12:08.679411+00
3,14,9,16,2026-05-04 10:54:47.661829+00,2026-05-04 12:03:31.324214+00
3,14,8,13,2026-05-04 10:56:00.724023+00,2026-05-05 13:12:14.690037+00
3,14,7,22,2026-05-04 10:33:40.712478+00,2026-05-05 13:12:17.693137+00
3,14,5,31,2026-05-04 10:47:32.313408+00,2026-05-05 13:12:20.697362+00
3,14,10,15,2026-05-04 10:47:38.820731+00,2026-05-05 13:12:24.700373+00
4,13,20,55,2026-05-04 13:05:36.966326+00,2026-05-06 04:14:25.763049+00
4,12,11,4,2026-05-04 13:24:42.400663+00,2026-05-04 13:25:30.950349+00
4,14,18,10,2026-05-04 10:57:20.289403+00,2026-05-05 13:08:20.964777+00
4,13,15,112,2026-05-04 13:05:24.95392+00,2026-05-06 04:14:32.963464+00
4,14,16,12,2026-05-04 10:57:16.42654+00,2026-05-05 13:08:23.465325+00
4,12,19,2,2026-05-04 13:25:18.438739+00,2026-05-04 13:25:33.453938+00
3,12,7,39,2026-05-04 09:16:09.8661+00,2026-05-04 13:27:59.761802+00
3,12,1,100,2026-05-04 09:15:45.533112+00,2026-05-04 13:28:00.761627+00
4,15,15,57,2026-05-04 11:33:47.054439+00,2026-05-04 12:01:40.836632+00
3,12,9,33,2026-05-04 09:16:26.583806+00,2026-05-04 13:21:54.963414+00
4,15,19,29,2026-05-04 11:33:48.554297+00,2026-05-04 12:01:49.844277+00
4,15,17,48,2026-05-04 11:34:00.566615+00,2026-05-04 12:01:50.344759+00
4,15,12,108,2026-05-04 11:33:42.549304+00,2026-05-04 12:01:53.850158+00
4,15,11,136,2026-05-04 11:33:42.049344+00,2026-05-04 12:01:55.852496+00
4,15,16,60,2026-05-04 11:33:40.047182+00,2026-05-04 12:01:57.354059+00
3,12,8,25,2026-05-04 09:16:04.058611+00,2026-05-04 13:26:51.208311+00
4,15,13,97,2026-05-04 11:33:47.054439+00,2026-05-04 12:01:59.855719+00
3,18,9,8,2026-05-04 13:43:33.961006+00,2026-05-04 14:02:04.13422+00
3,18,6,21,2026-05-04 13:42:41.092027+00,2026-05-04 14:11:04.984439+00
3,16,2,49,2026-05-04 13:07:09.222593+00,2026-05-06 01:31:36.982943+00
3,25,10,4,2026-05-04 15:28:01.512905+00,2026-05-04 15:30:25.144957+00
4,11,20,1513,2026-05-04 10:57:28.434096+00,2026-05-06 06:05:19.539396+00
3,25,7,14,2026-05-04 15:28:29.034013+00,2026-05-05 00:11:55.203511+00
3,35,7,16,2026-05-05 05:54:30.916956+00,2026-05-05 06:09:24.651038+00
3,30,9,318,2026-05-05 02:47:14.906821+00,2026-05-06 06:06:06.086603+00
3,25,9,8,2026-05-04 15:28:09.512158+00,2026-05-05 00:11:55.704758+00
4,34,12,8,2026-05-05 12:00:12.585047+00,2026-05-05 12:01:35.036628+00
3,45,6,92,2026-05-05 13:38:09.97364+00,2026-05-05 14:47:05.533897+00
3,25,3,16,2026-05-04 15:27:59.013192+00,2026-05-05 00:11:56.704752+00
3,12,2,96,2026-05-04 09:15:48.036679+00,2026-05-04 13:28:25.782238+00
3,25,5,16,2026-05-04 15:28:00.012523+00,2026-05-05 00:11:57.705283+00
3,25,6,10,2026-05-04 15:28:34.039159+00,2026-05-05 00:11:58.206111+00
4,14,15,13,2026-05-05 13:02:37.984813+00,2026-05-05 13:08:32.467883+00
3,25,1,31,2026-05-04 15:28:30.992699+00,2026-05-05 00:12:00.207715+00
3,24,4,5,2026-05-04 14:52:41.763657+00,2026-05-04 14:53:16.291124+00
3,24,8,4,2026-05-04 14:52:41.763657+00,2026-05-04 14:53:16.291124+00
3,26,9,23,2026-05-04 16:32:40.556646+00,2026-05-04 16:48:53.29694+00
3,26,7,21,2026-05-04 16:31:22.003433+00,2026-05-04 16:48:55.115437+00
4,32,16,338,2026-05-05 03:40:41.987181+00,2026-05-06 03:07:48.586797+00
3,23,3,159,2026-05-04 14:56:59.962119+00,2026-05-04 15:23:15.750364+00
4,12,16,3,2026-05-04 13:24:55.411339+00,2026-05-04 13:25:31.450845+00
3,13,9,82,2026-05-04 11:09:10.830407+00,2026-05-06 04:59:56.123318+00
3,18,7,14,2026-05-04 13:43:19.459656+00,2026-05-04 14:11:14.272864+00
3,29,6,23,2026-05-04 19:29:25.684928+00,2026-05-04 19:59:04.063096+00
3,33,8,3,2026-05-05 03:11:43.976338+00,2026-05-05 03:15:46.232033+00
4,14,14,17,2026-05-04 11:25:14.190038+00,2026-05-05 13:08:50.97632+00
4,12,17,2,2026-05-04 13:24:53.90951+00,2026-05-04 13:25:34.955942+00
3,16,1,63,2026-05-04 13:06:42.708626+00,2026-05-06 01:31:37.98289+00
4,12,15,4,2026-05-04 13:24:59.415134+00,2026-05-04 13:25:37.458784+00
4,12,13,6,2026-05-04 13:24:43.402653+00,2026-05-04 13:25:39.96153+00
4,18,19,1,2026-05-04 14:10:16.603139+00,2026-05-04 14:10:16.603139+00
3,25,2,32,2026-05-04 15:28:05.512764+00,2026-05-05 00:12:02.209597+00
3,17,5,273,2026-05-04 13:08:47.803649+00,2026-05-05 03:18:14.861912+00
4,13,13,189,2026-05-04 13:05:11.441284+00,2026-05-06 04:14:50.980441+00
3,17,4,341,2026-05-04 13:08:48.803256+00,2026-05-05 03:18:15.8625+00
3,18,5,14,2026-05-04 13:43:38.464376+00,2026-05-04 14:11:17.278261+00
3,43,6,78,2026-05-05 11:00:10.118966+00,2026-05-05 12:44:40.295369+00
4,13,12,173,2026-05-04 11:08:40.401517+00,2026-05-06 04:14:52.983236+00
3,24,2,9,2026-05-04 14:52:33.757001+00,2026-05-04 14:53:27.302061+00
3,18,4,29,2026-05-04 13:42:43.441476+00,2026-05-04 14:11:18.78013+00
3,24,1,8,2026-05-04 14:52:36.758688+00,2026-05-04 14:53:27.302061+00
3,16,6,24,2026-05-04 13:07:01.717245+00,2026-05-06 01:31:47.999791+00
3,27,5,50,2026-05-04 17:56:45.132387+00,2026-05-04 18:07:49.017476+00
3,20,8,156,2026-05-04 15:21:14.068593+00,2026-05-05 15:46:10.069497+00
3,20,10,99,2026-05-04 15:21:21.160399+00,2026-05-05 15:46:28.079503+00
3,13,8,91,2026-05-04 09:17:50.158012+00,2026-05-06 04:59:12.119954+00
3,18,10,10,2026-05-04 13:43:13.454132+00,2026-05-04 14:02:38.365225+00
4,19,18,100,2026-05-04 14:17:16.943652+00,2026-05-05 17:38:59.65371+00
3,23,1,265,2026-05-04 14:55:53.388303+00,2026-05-04 15:23:23.759645+00
3,23,5,111,2026-05-04 14:56:11.408348+00,2026-05-04 15:23:24.260812+00
3,19,7,87,2026-05-04 14:03:56.431205+00,2026-05-05 17:33:59.39045+00
3,42,8,23,2026-05-06 05:24:15.263024+00,2026-05-06 05:40:18.652909+00
3,42,6,39,2026-05-06 05:24:19.766758+00,2026-05-06 05:40:19.16274+00
3,32,5,520,2026-05-05 03:12:41.612653+00,2026-05-06 03:00:48.294019+00
3,18,8,14,2026-05-04 13:42:44.078446+00,2026-05-04 14:02:49.082354+00
3,28,10,6,2026-05-04 18:11:16.663639+00,2026-05-04 18:25:38.850194+00
3,19,10,48,2026-05-04 14:04:17.449129+00,2026-05-05 17:34:03.893404+00
3,23,2,224,2026-05-04 14:55:48.383542+00,2026-05-04 15:23:28.765774+00
3,19,3,190,2026-05-04 14:04:14.947237+00,2026-05-05 17:34:04.893688+00
3,23,7,88,2026-05-04 14:55:33.367688+00,2026-05-04 15:23:28.765774+00
3,28,7,13,2026-05-04 18:11:27.075321+00,2026-05-04 18:25:40.853107+00
3,19,2,217,2026-05-04 14:04:09.942089+00,2026-05-05 17:34:07.046195+00
3,41,8,78,2026-05-05 09:44:28.769905+00,2026-05-05 12:50:21.050788+00
3,25,8,7,2026-05-04 15:28:32.538311+00,2026-05-05 00:10:45.665035+00
4,26,19,21,2026-05-04 16:38:48.16531+00,2026-05-04 16:46:57.520397+00
3,23,4,130,2026-05-04 14:55:37.37272+00,2026-05-04 15:23:38.275364+00
4,18,20,3,2026-05-04 14:07:52.519297+00,2026-05-04 14:20:30.614134+00
3,24,6,5,2026-05-04 14:52:40.722214+00,2026-05-04 14:52:46.769322+00
4,19,16,148,2026-05-04 14:16:06.890406+00,2026-05-05 17:39:13.168733+00
4,25,12,593,2026-05-04 15:31:26.052457+00,2026-05-06 00:15:06.51187+00
4,41,19,90,2026-05-05 09:59:38.562085+00,2026-05-06 05:49:57.184628+00
4,28,18,11,2026-05-04 18:34:40.978173+00,2026-05-04 18:42:15.840821+00
3,14,1,62,2026-05-04 10:33:44.216458+00,2026-05-05 13:12:15.69064+00
3,19,6,93,2026-05-04 14:03:35.405042+00,2026-05-05 17:34:12.402045+00
3,23,10,43,2026-05-04 14:56:52.953226+00,2026-05-04 15:23:45.785647+00
4,38,20,764,2026-05-05 09:24:18.873121+00,2026-05-06 05:23:49.238373+00
4,38,15,1588,2026-05-05 09:24:42.392638+00,2026-05-06 05:23:54.744978+00
3,19,1,224,2026-05-04 14:04:14.447297+00,2026-05-05 17:34:15.904949+00
3,19,4,125,2026-05-04 14:04:11.443281+00,2026-05-05 17:34:16.40592+00
3,19,8,61,2026-05-04 14:07:24.116024+00,2026-05-05 17:34:17.407213+00
3,19,5,119,2026-05-04 14:04:11.443281+00,2026-05-05 17:34:19.467326+00
3,15,2,4452,2026-05-04 11:30:58.775108+00,2026-05-05 17:11:31.369122+00
3,23,9,52,2026-05-04 14:57:41.500478+00,2026-05-04 15:23:50.791631+00
3,15,9,1121,2026-05-04 11:30:56.773134+00,2026-05-05 17:11:33.695124+00
3,13,7,121,2026-05-04 09:17:37.14753+00,2026-05-06 04:59:27.996591+00
4,26,15,38,2026-05-04 16:39:02.172317+00,2026-05-04 16:47:08.029204+00
3,27,1,108,2026-05-04 17:56:04.901917+00,2026-05-04 18:08:21.549297+00
3,13,6,148,2026-05-04 09:17:53.659903+00,2026-05-06 04:59:32.524657+00
4,18,17,7,2026-05-04 14:03:57.791127+00,2026-05-04 14:19:37.078828+00
3,24,9,4,2026-05-04 14:52:53.272699+00,2026-05-04 14:52:59.274677+00
3,23,6,105,2026-05-04 14:56:10.908251+00,2026-05-04 15:22:37.219452+00
3,24,5,4,2026-05-04 14:52:40.722214+00,2026-05-04 14:53:02.779222+00
3,24,10,2,2026-05-04 14:52:51.272637+00,2026-05-04 14:53:03.780275+00
4,13,16,113,2026-05-04 13:05:29.45741+00,2026-05-06 04:14:33.963791+00
3,25,4,26,2026-05-04 15:28:13.516434+00,2026-05-05 00:11:52.702343+00
3,27,6,28,2026-05-04 18:00:09.596948+00,2026-05-04 18:08:28.555869+00
4,19,14,198,2026-05-04 14:16:04.388501+00,2026-05-05 17:38:57.651198+00
3,26,10,17,2026-05-04 16:32:43.056725+00,2026-05-04 16:48:29.274792+00
3,43,10,40,2026-05-05 11:02:05.736033+00,2026-05-05 12:44:41.796786+00
4,19,20,68,2026-05-04 14:17:14.440139+00,2026-05-05 17:39:05.658088+00
3,41,5,171,2026-05-05 09:41:23.599011+00,2026-05-05 12:50:26.560274+00
4,28,13,35,2026-05-04 18:34:54.488826+00,2026-05-04 18:42:37.850462+00
4,28,14,25,2026-05-04 18:34:46.484319+00,2026-05-04 18:42:37.850462+00
3,61,9,799,2026-05-05 16:42:29.330227+00,2026-05-06 06:06:12.598957+00
4,25,18,153,2026-05-04 23:58:30.773702+00,2026-05-06 00:14:40.997649+00
4,26,16,36,2026-05-04 16:38:58.170545+00,2026-05-04 16:46:35.499476+00
3,26,2,69,2026-05-04 16:30:16.450743+00,2026-05-04 16:48:56.299358+00
4,32,13,523,2026-05-05 03:40:58.500452+00,2026-05-06 03:07:44.081178+00
3,26,6,39,2026-05-04 16:31:25.004277+00,2026-05-04 16:49:03.302388+00
3,34,9,361,2026-05-05 04:44:17.19194+00,2026-05-06 01:04:04.48151+00
3,40,10,80,2026-05-05 09:31:27.132232+00,2026-05-05 13:43:34.227138+00
4,32,14,452,2026-05-05 03:41:45.549236+00,2026-05-06 03:07:44.581663+00
3,30,6,475,2026-05-05 02:42:14.62515+00,2026-05-06 06:04:26.95408+00
4,25,17,203,2026-05-04 23:56:52.232728+00,2026-05-06 00:14:52.003335+00
3,34,10,321,2026-05-05 04:38:20.943842+00,2026-05-06 00:58:14.0501+00
3,45,9,44,2026-05-05 13:38:24.490412+00,2026-05-05 14:45:43.494593+00
3,33,6,5,2026-05-05 03:11:47.571059+00,2026-05-05 03:15:48.732659+00
3,29,5,34,2026-05-04 19:29:24.684519+00,2026-05-04 19:58:52.546241+00
4,34,15,4,2026-05-05 12:00:36.16231+00,2026-05-05 12:01:37.667233+00
4,25,20,127,2026-05-04 23:58:45.790344+00,2026-05-06 00:15:05.508367+00
3,17,9,138,2026-05-04 13:09:16.826338+00,2026-05-05 03:17:59.345832+00
4,13,18,70,2026-05-04 13:05:16.44736+00,2026-05-06 04:14:42.473692+00
4,32,17,272,2026-05-05 03:40:39.984918+00,2026-05-06 03:07:51.589636+00
3,30,7,429,2026-05-05 02:42:03.346044+00,2026-05-06 06:05:50.570142+00
3,34,5,779,2026-05-05 04:38:22.444208+00,2026-05-06 01:04:11.067638+00
4,28,20,10,2026-05-04 18:34:47.484691+00,2026-05-04 18:42:10.337308+00
3,42,1,72,2026-05-06 05:24:19.266617+00,2026-05-06 05:40:07.12298+00
3,29,2,65,2026-05-04 19:29:24.684519+00,2026-05-04 19:59:17.069896+00
4,26,18,28,2026-05-04 16:38:58.670937+00,2026-05-04 16:47:00.022362+00
3,17,8,165,2026-05-04 13:09:17.326654+00,2026-05-05 03:18:03.350723+00
3,29,9,16,2026-05-04 19:29:37.691942+00,2026-05-04 19:59:24.075194+00
4,26,17,33,2026-05-04 16:38:57.170373+00,2026-05-04 16:47:01.522505+00
3,17,2,534,2026-05-04 13:08:50.806283+00,2026-05-05 03:18:05.351804+00
3,27,3,75,2026-05-04 17:56:45.932441+00,2026-05-04 18:08:06.534329+00
4,26,12,84,2026-05-04 16:38:50.167398+00,2026-05-04 16:47:08.029204+00
3,17,3,453,2026-05-04 13:08:41.801669+00,2026-05-05 03:18:07.353318+00
3,27,9,23,2026-05-04 18:00:12.597041+00,2026-05-04 18:08:09.538252+00
4,14,17,15,2026-05-05 13:03:07.143499+00,2026-05-05 13:08:38.470927+00
3,31,8,332,2026-05-05 02:47:24.410696+00,2026-05-06 06:05:52.571342+00
3,17,1,624,2026-05-04 13:08:37.800068+00,2026-05-05 03:18:15.8625+00
3,28,8,11,2026-05-04 18:11:34.670861+00,2026-05-04 18:25:40.853107+00
3,27,4,47,2026-05-04 17:56:18.914692+00,2026-05-04 18:08:11.542066+00
3,32,7,299,2026-05-05 03:13:06.627297+00,2026-05-06 03:00:39.783352+00
3,75,3,36,2026-05-06 05:41:43.73088+00,2026-05-06 05:46:28.000534+00
3,32,10,211,2026-05-05 03:18:28.874501+00,2026-05-06 03:00:48.294019+00
3,27,2,94,2026-05-04 17:56:19.914392+00,2026-05-04 18:08:12.544053+00
3,33,2,23,2026-05-05 03:11:48.07219+00,2026-05-05 03:16:21.771312+00
3,17,7,192,2026-05-04 13:08:50.806283+00,2026-05-05 03:16:23.771904+00
3,34,7,480,2026-05-05 04:38:57.957276+00,2026-05-06 01:56:14.732722+00
4,39,17,406,2026-05-05 09:24:15.87182+00,2026-05-05 12:30:39.584413+00
3,28,1,39,2026-05-04 18:11:10.663091+00,2026-05-04 18:25:52.866863+00
4,39,18,386,2026-05-05 09:25:50.940236+00,2026-05-05 12:30:40.584414+00
4,39,19,322,2026-05-05 09:24:28.380197+00,2026-05-05 12:30:41.084653+00
3,34,3,1070,2026-05-05 04:38:02.433609+00,2026-05-06 01:56:17.147011+00
3,15,10,943,2026-05-04 11:32:26.824327+00,2026-05-05 17:11:24.176836+00
3,28,2,24,2026-05-04 18:11:28.169623+00,2026-05-04 18:25:56.869066+00
3,33,4,8,2026-05-05 03:13:07.127596+00,2026-05-05 03:15:21.217052+00
4,42,18,196,2026-05-05 10:08:54.01706+00,2026-05-06 05:21:26.014643+00
3,20,7,206,2026-05-04 15:21:45.67437+00,2026-05-05 15:46:45.597811+00
3,13,3,258,2026-05-04 09:17:51.658287+00,2026-05-06 05:00:03.041057+00
3,38,5,54,2026-05-06 05:25:27.013755+00,2026-05-06 05:38:12.885199+00
3,40,5,218,2026-05-05 09:30:36.584037+00,2026-05-05 13:43:57.990816+00
4,43,20,17,2026-05-05 16:21:30.201539+00,2026-05-05 16:29:13.707838+00
3,20,5,286,2026-05-04 15:21:12.655989+00,2026-05-05 15:46:51.104207+00
3,15,8,1358,2026-05-04 11:31:37.297706+00,2026-05-05 17:11:32.447314+00
3,20,3,427,2026-05-04 15:21:48.178303+00,2026-05-05 15:46:51.104207+00
3,37,9,43,2026-05-05 09:03:30.757917+00,2026-05-06 05:38:15.498617+00
3,20,4,321,2026-05-04 15:21:11.520238+00,2026-05-05 15:46:53.077529+00
3,74,2,127,2026-05-06 02:10:25.988543+00,2026-05-06 03:53:24.376841+00
4,37,20,462,2026-05-05 09:04:55.46824+00,2026-05-06 05:23:33.119645+00
3,35,1,53,2026-05-05 05:54:30.916956+00,2026-05-05 06:09:43.154899+00
4,19,19,93,2026-05-04 14:17:25.453674+00,2026-05-05 17:38:41.127261+00
3,29,8,14,2026-05-04 19:30:27.223821+00,2026-05-04 19:58:25.022288+00
4,20,11,1354,2026-05-04 15:30:58.034244+00,2026-05-05 15:45:03.539728+00
3,37,8,45,2026-05-05 09:03:35.764379+00,2026-05-06 05:38:20.736191+00
4,42,12,578,2026-05-05 10:01:57.675353+00,2026-05-06 05:21:49.131834+00
3,37,7,49,2026-05-05 09:03:21.74575+00,2026-05-06 05:38:28.012418+00
3,37,2,117,2026-05-05 09:03:32.258641+00,2026-05-06 05:38:28.512457+00
3,40,3,277,2026-05-05 09:30:47.091669+00,2026-05-05 13:44:06.536141+00
3,37,3,130,2026-05-05 09:03:47.276556+00,2026-05-06 05:38:32.515701+00
3,35,6,25,2026-05-05 05:54:30.916956+00,2026-05-05 06:09:46.657731+00
3,35,9,13,2026-05-05 05:55:27.463759+00,2026-05-05 06:09:50.158313+00
3,38,6,47,2026-05-06 05:25:52.843533+00,2026-05-06 05:37:51.874123+00
3,40,1,478,2026-05-05 09:30:54.597648+00,2026-05-05 13:44:11.752278+00
3,35,2,55,2026-05-05 05:54:30.916956+00,2026-05-05 06:09:53.150492+00
3,40,6,158,2026-05-05 09:31:20.125614+00,2026-05-05 13:44:12.75291+00
3,14,2,63,2026-05-04 10:33:45.216805+00,2026-05-05 13:12:10.685044+00
3,35,3,39,2026-05-05 05:54:16.403135+00,2026-05-05 06:10:01.661744+00
4,34,16,2,2026-05-05 12:00:21.593324+00,2026-05-05 12:00:51.121888+00
4,34,13,5,2026-05-05 12:00:27.095643+00,2026-05-05 12:01:05.638652+00
4,28,11,43,2026-05-04 18:34:40.978173+00,2026-05-04 18:42:33.348107+00
3,41,7,112,2026-05-05 09:41:27.103498+00,2026-05-05 12:50:25.056787+00
3,48,9,32,2026-05-05 13:27:30.144244+00,2026-05-05 14:19:27.152807+00
3,38,3,83,2026-05-06 05:25:28.323313+00,2026-05-06 05:38:09.490108+00
4,13,19,60,2026-05-04 13:42:51.809145+00,2026-05-06 04:14:41.470989+00
3,31,6,478,2026-05-05 02:43:45.719551+00,2026-05-06 06:06:23.61418+00
3,28,9,8,2026-05-04 18:11:23.667825+00,2026-05-04 18:34:34.774317+00
4,28,19,4,2026-05-04 18:34:48.987093+00,2026-05-04 18:41:42.320678+00
3,34,6,605,2026-05-05 04:39:53.496753+00,2026-05-06 01:56:11.638428+00
4,41,14,170,2026-05-05 09:59:48.567106+00,2026-05-06 05:50:10.197479+00
4,32,18,225,2026-05-05 03:44:40.180309+00,2026-05-06 03:07:47.584693+00
4,32,20,174,2026-05-05 03:40:51.995+00,2026-05-06 03:07:48.08604+00
3,45,7,73,2026-05-05 13:38:28.996508+00,2026-05-05 14:46:38.881702+00
4,34,11,8,2026-05-05 12:00:45.115365+00,2026-05-05 12:01:32.161306+00
3,35,10,8,2026-05-05 05:54:49.933462+00,2026-05-05 06:09:37.654466+00
3,17,6,228,2026-05-04 13:08:50.806283+00,2026-05-05 03:18:09.856541+00
3,34,2,1447,2026-05-05 04:37:59.430481+00,2026-05-06 01:56:12.173978+00
3,27,10,16,2026-05-04 17:56:49.435234+00,2026-05-04 18:08:06.032673+00
3,29,7,23,2026-05-04 19:29:25.684928+00,2026-05-04 19:58:56.048646+00
4,41,16,117,2026-05-05 09:59:49.067771+00,2026-05-06 05:50:11.199077+00
3,15,6,2076,2026-05-04 11:31:46.802429+00,2026-05-05 15:39:34.712185+00
3,26,4,37,2026-05-04 16:32:05.52826+00,2026-05-04 16:49:04.302157+00
3,29,4,41,2026-05-04 19:29:23.466147+00,2026-05-04 19:59:17.570269+00
4,28,17,21,2026-05-04 18:34:58.491733+00,2026-05-04 18:41:59.008375+00
3,74,10,26,2026-05-06 02:10:20.835801+00,2026-05-06 03:50:05.233805+00
3,33,7,5,2026-05-05 03:13:48.144634+00,2026-05-05 03:16:10.755314+00
3,33,3,12,2026-05-05 03:11:52.075317+00,2026-05-05 03:16:21.771312+00
3,43,4,123,2026-05-05 11:00:01.608451+00,2026-05-05 12:44:38.795048+00
3,35,5,22,2026-05-05 05:55:03.945753+00,2026-05-05 06:10:01.661744+00
4,13,11,225,2026-05-04 11:08:33.391316+00,2026-05-06 04:14:58.985692+00
4,26,14,44,2026-05-04 16:38:53.668619+00,2026-05-04 16:46:58.522042+00
4,39,15,605,2026-05-05 09:26:15.950277+00,2026-05-05 12:30:31.576287+00
3,42,3,69,2026-05-06 05:24:20.269593+00,2026-05-06 05:40:12.637037+00
4,42,20,125,2026-05-05 10:01:47.662379+00,2026-05-06 05:21:17.618614+00
4,26,20,18,2026-05-04 16:39:23.681881+00,2026-05-04 16:47:05.027349+00
3,42,5,44,2026-05-06 05:24:19.766758+00,2026-05-06 05:40:16.14653+00
3,32,8,254,2026-05-05 03:12:30.106605+00,2026-05-06 03:00:20.765637+00
4,26,13,73,2026-05-04 16:38:46.664387+00,2026-05-04 16:47:09.029837+00
3,43,5,100,2026-05-05 10:59:39.577749+00,2026-05-05 12:44:42.796689+00
3,48,1,180,2026-05-05 13:26:15.891443+00,2026-05-05 14:19:42.660647+00
3,43,1,205,2026-05-05 11:00:09.61814+00,2026-05-05 12:44:43.798682+00
4,42,16,293,2026-05-05 10:01:33.649777+00,2026-05-06 05:21:26.014643+00
4,19,13,296,2026-05-04 14:16:07.890625+00,2026-05-05 17:39:11.666332+00
4,28,12,30,2026-05-04 18:34:56.989538+00,2026-05-04 18:42:18.341742+00
3,28,4,13,2026-05-04 18:11:24.667854+00,2026-05-04 18:21:22.183411+00
4,43,12,69,2026-05-05 16:21:31.79827+00,2026-05-05 16:29:58.233524+00
3,43,3,147,2026-05-05 10:59:39.076612+00,2026-05-05 12:44:44.29938+00
3,32,9,233,2026-05-05 03:17:22.313452+00,2026-05-06 03:00:30.773294+00
3,30,10,226,2026-05-05 02:48:07.922295+00,2026-05-06 05:44:43.373209+00
4,38,17,1182,2026-05-05 09:24:21.876522+00,2026-05-06 05:22:40.695175+00
3,43,2,184,2026-05-05 10:59:36.073308+00,2026-05-05 12:44:45.29932+00
4,43,19,16,2026-05-05 16:21:31.79827+00,2026-05-05 16:30:04.23619+00
4,37,14,1117,2026-05-05 09:04:58.970687+00,2026-05-06 05:23:40.226653+00
4,41,18,85,2026-05-05 10:00:35.613507+00,2026-05-06 05:50:00.187477+00
3,28,6,16,2026-05-04 18:11:31.670281+00,2026-05-04 18:25:40.853107+00
4,25,19,141,2026-05-04 23:57:08.242788+00,2026-05-06 00:14:56.506009+00
4,38,18,1035,2026-05-05 09:24:27.879641+00,2026-05-06 05:23:43.731802+00
3,20,1,613,2026-05-04 15:21:14.656298+00,2026-05-05 15:46:42.59471+00
3,54,3,237,2026-05-05 13:30:27.088416+00,2026-05-05 14:21:05.201763+00
3,32,2,970,2026-05-05 03:12:50.620247+00,2026-05-06 03:00:48.79451+00
3,28,3,12,2026-05-04 18:11:32.671197+00,2026-05-04 18:25:48.862275+00
4,25,14,340,2026-05-04 23:58:44.788541+00,2026-05-06 00:15:05.008695+00
3,32,6,381,2026-05-05 03:18:32.377664+00,2026-05-06 03:00:50.296655+00
4,25,16,235,2026-05-04 23:57:43.752508+00,2026-05-06 00:15:05.508367+00
3,20,2,523,2026-05-04 15:21:11.520238+00,2026-05-05 15:46:47.099449+00
4,38,14,1814,2026-05-05 09:24:39.389536+00,2026-05-06 05:23:50.738662+00
4,37,18,639,2026-05-05 09:05:07.977162+00,2026-05-06 05:23:53.242061+00
3,40,7,138,2026-05-05 09:30:43.087109+00,2026-05-05 13:44:08.251413+00
3,28,5,20,2026-05-04 18:11:23.167262+00,2026-05-04 18:25:57.369791+00
4,38,11,3616,2026-05-05 09:24:25.878214+00,2026-05-06 05:23:54.244339+00
4,25,11,717,2026-05-04 15:31:20.549258+00,2026-05-06 00:15:08.513277+00
3,75,6,19,2026-05-06 05:41:44.230902+00,2026-05-06 05:45:59.433999+00
4,42,11,679,2026-05-05 10:01:36.651442+00,2026-05-06 05:21:40.628991+00
4,25,13,402,2026-05-04 15:31:22.550192+00,2026-05-06 00:15:10.514781+00
3,15,4,2945,2026-05-04 11:30:55.772779+00,2026-05-05 17:11:32.038671+00
3,13,2,272,2026-05-04 09:17:47.15378+00,2026-05-06 04:59:37.836273+00
3,15,7,1667,2026-05-04 11:31:10.781803+00,2026-05-05 17:11:33.695124+00
3,15,3,3615,2026-05-04 11:31:04.278096+00,2026-05-05 17:11:34.389181+00
3,40,2,362,2026-05-05 09:30:44.088143+00,2026-05-05 13:44:11.752278+00
3,43,9,44,2026-05-05 11:00:40.155793+00,2026-05-05 12:43:15.71177+00
3,74,1,137,2026-05-06 02:10:28.86859+00,2026-05-06 03:53:26.879038+00
4,20,19,279,2026-05-04 15:31:00.036318+00,2026-05-05 15:44:48.030806+00
3,40,9,100,2026-05-05 09:30:51.095179+00,2026-05-05 13:43:05.469742+00
4,20,20,279,2026-05-04 15:30:49.02265+00,2026-05-05 15:44:54.536373+00
3,41,3,217,2026-05-05 09:41:20.094671+00,2026-05-05 12:50:13.043595+00
3,41,10,73,2026-05-05 09:41:44.128164+00,2026-05-05 12:50:17.047121+00
3,46,7,48,2026-05-05 13:26:20.771805+00,2026-05-05 14:02:17.031202+00
3,41,4,204,2026-05-05 09:41:20.596353+00,2026-05-05 12:50:20.049539+00
4,39,20,271,2026-05-05 09:37:19.680667+00,2026-05-05 12:30:58.608998+00
4,20,16,513,2026-05-04 15:30:49.523101+00,2026-05-05 15:45:04.039945+00
3,74,9,39,2026-05-06 02:10:40.998998+00,2026-05-06 03:52:19.291507+00
3,50,4,21,2026-05-05 13:26:23.397027+00,2026-05-05 13:41:10.162817+00
4,20,17,463,2026-05-04 15:30:50.523616+00,2026-05-05 15:45:07.542143+00
4,39,16,523,2026-05-05 09:37:22.52545+00,2026-05-05 12:31:04.114899+00
4,39,11,1309,2026-05-05 09:24:28.880837+00,2026-05-05 12:31:13.122321+00
4,34,17,1,2026-05-05 12:01:11.639771+00,2026-05-05 12:01:11.639771+00
3,44,9,32,2026-05-05 13:28:47.974731+00,2026-05-05 14:02:26.139882+00
3,41,1,367,2026-05-05 09:41:18.090387+00,2026-05-05 12:50:26.058717+00
3,33,9,3,2026-05-05 03:11:54.042235+00,2026-05-05 03:15:48.232348+00
3,53,6,27,2026-05-05 13:26:38.216789+00,2026-05-05 13:38:25.888824+00
3,48,2,114,2026-05-05 13:28:48.102414+00,2026-05-05 14:20:26.679116+00
3,60,5,977,2026-05-05 16:41:33.956446+00,2026-05-06 06:06:18.106307+00
3,38,2,80,2026-05-06 05:25:28.824185+00,2026-05-06 05:38:01.479345+00
4,28,15,21,2026-05-04 18:35:18.508256+00,2026-05-04 18:42:56.362788+00
3,43,7,65,2026-05-05 11:00:36.65492+00,2026-05-05 12:44:42.796689+00
4,32,11,939,2026-05-05 03:40:47.991143+00,2026-05-06 03:07:51.088764+00
3,43,8,55,2026-05-05 11:00:05.6133+00,2026-05-05 12:44:44.29938+00
4,28,16,19,2026-05-04 18:35:14.504843+00,2026-05-04 18:42:06.834488+00
3,29,10,12,2026-05-04 19:30:02.455302+00,2026-05-04 19:59:21.073404+00
3,53,8,21,2026-05-05 13:26:28.900156+00,2026-05-05 13:38:27.971256+00
4,42,19,160,2026-05-05 10:02:07.687838+00,2026-05-06 05:21:03.599631+00
3,29,3,49,2026-05-04 19:29:29.187205+00,2026-05-04 19:59:33.582977+00
3,67,9,545,2026-05-05 16:52:03.217171+00,2026-05-06 06:02:10.843688+00
3,31,7,443,2026-05-05 02:44:21.562136+00,2026-05-06 06:04:46.998973+00
4,37,15,1000,2026-05-05 09:05:31.494851+00,2026-05-06 05:23:09.21755+00
3,26,3,63,2026-05-04 16:29:09.38573+00,2026-05-04 16:48:59.800995+00
3,33,5,9,2026-05-05 03:12:27.104135+00,2026-05-05 03:15:12.206114+00
3,44,2,103,2026-05-05 13:26:24.528371+00,2026-05-05 14:03:27.715531+00
3,26,1,85,2026-05-04 16:28:59.373079+00,2026-05-04 16:48:59.800995+00
4,41,20,70,2026-05-05 10:00:09.589759+00,2026-05-06 05:50:09.195707+00
3,56,8,1707,2026-05-05 13:27:03.428623+00,2026-05-06 05:56:06.993425+00
3,38,4,74,2026-05-06 05:25:28.824185+00,2026-05-06 05:38:12.885199+00
3,37,4,71,2026-05-05 09:03:28.756742+00,2026-05-06 05:38:15.037632+00
3,35,8,16,2026-05-05 05:55:00.943054+00,2026-05-05 06:09:57.160729+00
3,38,7,45,2026-05-06 05:25:30.825364+00,2026-05-06 05:38:18.002208+00
3,75,5,29,2026-05-06 05:41:45.231464+00,2026-05-06 05:46:07.976665+00
3,42,2,71,2026-05-06 05:24:20.767468+00,2026-05-06 05:38:25.511965+00
3,44,4,87,2026-05-05 13:26:19.394965+00,2026-05-05 14:03:32.21969+00
4,41,13,167,2026-05-05 09:59:52.071777+00,2026-05-06 05:50:10.197479+00
3,67,10,446,2026-05-05 16:42:33.835137+00,2026-05-06 06:06:29.620397+00
4,34,14,5,2026-05-05 12:00:35.104662+00,2026-05-05 13:33:51.262519+00
3,64,10,863,2026-05-05 16:51:45.536327+00,2026-05-06 06:00:13.033416+00
3,47,9,545,2026-05-05 13:26:35.407288+00,2026-05-06 06:03:51.419935+00
3,53,7,18,2026-05-05 13:26:36.095244+00,2026-05-05 13:38:34.002115+00
3,75,9,15,2026-05-06 05:42:19.753088+00,2026-05-06 05:46:22.491882+00
3,48,10,25,2026-05-05 13:27:51.383288+00,2026-05-05 14:14:44.357788+00
3,34,4,881,2026-05-05 04:38:58.457198+00,2026-05-06 01:56:09.728326+00
3,46,6,47,2026-05-05 13:26:21.395947+00,2026-05-05 14:02:37.161129+00
4,14,11,41,2026-05-04 10:57:40.443346+00,2026-05-05 13:08:54.977082+00
3,56,7,2132,2026-05-05 13:26:37.90995+00,2026-05-06 05:55:29.98079+00
4,38,19,867,2026-05-05 09:25:13.915662+00,2026-05-06 05:23:47.23537+00
3,55,9,73,2026-05-05 13:26:28.900156+00,2026-05-05 14:00:38.552752+00
3,46,5,76,2026-05-05 13:26:18.39482+00,2026-05-05 14:02:39.164835+00
4,42,15,339,2026-05-05 10:03:03.242434+00,2026-05-06 05:21:38.126777+00
3,32,4,559,2026-05-05 03:12:53.121724+00,2026-05-06 03:00:48.79451+00
3,44,1,129,2026-05-05 13:26:23.897174+00,2026-05-05 14:02:41.167184+00
3,32,1,1156,2026-05-05 03:12:43.113436+00,2026-05-06 03:00:49.795743+00
3,20,6,237,2026-05-04 15:21:24.160903+00,2026-05-05 15:46:33.084628+00
3,50,6,16,2026-05-05 13:26:25.302341+00,2026-05-05 13:41:40.903301+00
3,41,9,88,2026-05-05 09:41:25.021721+00,2026-05-05 12:50:14.546427+00
3,53,10,7,2026-05-05 13:26:35.082003+00,2026-05-05 13:30:40.106704+00
4,42,13,481,2026-05-05 10:01:51.166534+00,2026-05-06 05:21:42.629919+00
3,46,8,33,2026-05-05 13:26:29.40065+00,2026-05-05 14:01:56.107045+00
3,41,2,325,2026-05-05 09:41:27.604649+00,2026-05-05 12:50:24.056189+00
3,46,10,27,2026-05-05 13:26:25.027223+00,2026-05-05 14:01:57.612134+00
3,54,10,77,2026-05-05 13:38:26.494415+00,2026-05-05 14:19:48.662011+00
4,43,15,31,2026-05-05 16:21:29.531318+00,2026-05-05 16:29:58.73302+00
3,46,4,96,2026-05-05 13:26:29.900937+00,2026-05-05 14:02:43.169905+00
3,46,2,125,2026-05-05 13:26:29.40065+00,2026-05-05 14:02:45.493655+00
4,37,17,711,2026-05-05 09:05:14.484254+00,2026-05-06 05:23:57.748389+00
3,74,3,81,2026-05-06 02:10:29.378238+00,2026-05-06 03:53:24.376841+00
3,46,1,155,2026-05-05 13:26:16.828852+00,2026-05-05 14:02:05.119067+00
3,56,10,1226,2026-05-05 13:26:33.881654+00,2026-05-06 05:53:55.713898+00
3,44,3,100,2026-05-05 13:26:28.319106+00,2026-05-05 14:02:51.680242+00
3,46,9,31,2026-05-05 13:26:22.896667+00,2026-05-05 14:02:06.120514+00
4,42,17,238,2026-05-05 10:01:42.157848+00,2026-05-06 05:20:56.59572+00
3,45,5,122,2026-05-05 13:30:34.597125+00,2026-05-05 14:46:57.032475+00
3,55,7,91,2026-05-05 13:26:29.900937+00,2026-05-05 14:00:56.061314+00
3,50,3,33,2026-05-05 13:26:33.881654+00,2026-05-05 13:41:05.107081+00
3,55,2,197,2026-05-05 13:26:44.373458+00,2026-05-05 14:00:58.061516+00
4,32,15,387,2026-05-05 03:41:48.050694+00,2026-05-06 03:07:38.076604+00
4,39,12,1172,2026-05-05 09:24:37.888396+00,2026-05-05 12:31:19.632437+00
3,48,8,41,2026-05-05 13:26:42.41483+00,2026-05-05 14:17:18.530352+00
3,74,8,35,2026-05-06 02:11:05.97334+00,2026-05-06 03:52:21.739355+00
4,39,13,1083,2026-05-05 09:24:22.376819+00,2026-05-05 12:31:23.136193+00
4,39,14,672,2026-05-05 09:24:23.877689+00,2026-05-05 12:31:23.635982+00
4,20,14,677,2026-05-04 15:31:12.542788+00,2026-05-05 15:44:50.033204+00
3,45,3,162,2026-05-05 13:38:28.78141+00,2026-05-05 14:47:13.035863+00
3,55,10,57,2026-05-05 13:26:38.216789+00,2026-05-05 14:00:18.547822+00
4,20,15,572,2026-05-04 15:30:49.523101+00,2026-05-05 15:44:59.039876+00
3,48,3,123,2026-05-05 13:26:25.027223+00,2026-05-05 14:18:21.095754+00
4,20,12,1107,2026-05-04 15:31:05.038786+00,2026-05-05 15:45:02.539721+00
3,54,1,444,2026-05-05 13:30:29.089724+00,2026-05-05 14:21:05.201763+00
4,20,13,986,2026-05-04 15:31:02.036307+00,2026-05-05 15:45:05.040403+00
3,15,1,5307,2026-05-04 11:30:55.772779+00,2026-05-05 17:11:41.702642+00
3,15,5,2451,2026-05-04 11:30:49.767397+00,2026-05-05 17:11:44.207287+00
3,45,2,204,2026-05-05 13:30:35.098262+00,2026-05-05 14:47:26.042922+00
3,50,8,15,2026-05-05 13:26:27.399979+00,2026-05-05 13:41:24.112446+00
3,48,7,52,2026-05-05 13:27:29.277963+00,2026-05-05 14:17:42.40567+00
3,31,9,246,2026-05-05 02:47:18.907996+00,2026-05-06 06:02:23.84939+00
3,53,4,28,2026-05-05 13:26:45.795597+00,2026-05-05 13:37:39.938059+00
3,63,9,1055,2026-05-05 16:41:49.803508+00,2026-05-06 06:05:45.563326+00
3,45,4,146,2026-05-05 13:30:30.877088+00,2026-05-05 14:46:56.031278+00
3,37,5,68,2026-05-05 09:03:42.773983+00,2026-05-06 05:38:08.778977+00
3,53,2,44,2026-05-05 13:26:26.893319+00,2026-05-05 13:38:33.000887+00
3,47,10,453,2026-05-05 13:28:10.948859+00,2026-05-06 06:05:48.065857+00
3,60,9,459,2026-05-05 16:43:54.274077+00,2026-05-06 06:03:37.399452+00
3,50,10,11,2026-05-05 13:26:55.425178+00,2026-05-05 13:39:44.239729+00
3,62,3,2559,2026-05-05 16:42:19.325651+00,2026-05-06 06:06:17.105708+00
3,11,9,4875,2026-05-04 09:12:52.923192+00,2026-05-06 06:06:25.595115+00
3,54,2,437,2026-05-05 13:30:27.088416+00,2026-05-05 14:21:20.241776+00
3,44,8,26,2026-05-05 13:28:15.451462+00,2026-05-05 14:03:10.198296+00
3,40,4,264,2026-05-05 09:30:57.602094+00,2026-05-05 13:44:06.751091+00
4,43,17,18,2026-05-05 16:22:17.843057+00,2026-05-05 16:29:55.231098+00
4,43,13,52,2026-05-05 16:22:07.836548+00,2026-05-05 16:29:56.232811+00
3,64,8,1141,2026-05-05 16:50:18.541463+00,2026-05-06 06:00:46.797204+00
4,43,11,64,2026-05-05 16:21:33.299634+00,2026-05-05 16:30:00.234341+00
4,41,12,288,2026-05-05 09:59:50.068526+00,2026-05-06 05:50:14.204078+00
3,75,1,45,2026-05-06 05:41:46.731903+00,2026-05-06 05:46:10.979368+00
4,41,17,105,2026-05-05 09:59:49.067771+00,2026-05-06 05:50:16.204748+00
4,19,11,310,2026-05-04 14:16:06.890406+00,2026-05-05 17:39:07.15981+00
3,50,1,81,2026-05-05 13:26:23.397027+00,2026-05-05 13:41:10.609284+00
3,42,7,28,2026-05-06 05:24:22.229652+00,2026-05-06 05:40:18.155163+00
3,56,6,2528,2026-05-05 13:26:39.412222+00,2026-05-06 05:56:15.996747+00
3,37,6,56,2026-05-05 09:03:59.290266+00,2026-05-06 05:37:55.33668+00
3,74,5,59,2026-05-06 02:10:21.986972+00,2026-05-06 03:52:16.790143+00
3,56,2,5408,2026-05-05 13:26:37.90995+00,2026-05-06 05:55:29.481069+00
4,37,16,908,2026-05-05 09:05:05.475166+00,2026-05-06 05:23:49.238373+00
4,38,16,1541,2026-05-05 09:24:35.38674+00,2026-05-06 05:23:53.743421+00
4,37,13,1709,2026-05-05 09:05:21.489001+00,2026-05-06 05:23:57.248201+00
3,45,10,44,2026-05-05 13:38:42.011066+00,2026-05-05 14:44:32.388816+00
3,60,7,756,2026-05-05 16:41:37.287826+00,2026-05-06 06:05:03.018893+00
3,38,8,25,2026-05-06 05:25:41.835271+00,2026-05-06 05:38:01.479345+00
3,50,2,71,2026-05-05 13:26:27.719942+00,2026-05-05 13:41:38.120328+00
3,46,3,99,2026-05-05 13:26:44.91697+00,2026-05-05 14:02:31.652525+00
3,47,1,2889,2026-05-05 13:27:01.68724+00,2026-05-06 06:06:13.100431+00
3,61,7,1175,2026-05-05 16:41:47.593174+00,2026-05-06 06:06:20.610272+00
3,11,8,5858,2026-05-04 09:13:27.463407+00,2026-05-06 06:06:21.110993+00
3,31,4,865,2026-05-05 02:43:38.715221+00,2026-05-06 06:06:28.852116+00
3,54,4,191,2026-05-05 13:30:28.089271+00,2026-05-05 14:20:54.192872+00
4,11,18,2031,2026-05-04 10:57:35.679379+00,2026-05-06 06:06:29.115646+00
4,43,14,42,2026-05-05 16:21:37.805392+00,2026-05-05 16:29:57.732337+00
3,48,4,94,2026-05-05 13:26:49.350829+00,2026-05-05 14:20:04.669362+00
3,50,9,14,2026-05-05 13:26:45.188963+00,2026-05-05 13:41:00.604359+00
4,43,18,19,2026-05-05 16:21:51.820791+00,2026-05-05 16:29:57.732337+00
3,56,3,4408,2026-05-05 13:26:37.90995+00,2026-05-06 05:56:12.301207+00
3,38,10,22,2026-05-06 05:25:43.8366+00,2026-05-06 05:38:07.934208+00
3,75,2,37,2026-05-06 05:41:46.792157+00,2026-05-06 05:46:07.476617+00
4,41,15,163,2026-05-05 09:59:53.573738+00,2026-05-06 05:50:05.690662+00
3,31,3,1291,2026-05-05 02:43:51.915462+00,2026-05-06 06:06:32.847237+00
3,47,5,1136,2026-05-05 13:28:12.950256+00,2026-05-06 06:06:34.626595+00
3,67,2,1814,2026-05-05 16:42:35.336724+00,2026-05-06 06:06:34.626595+00
3,54,8,98,2026-05-05 13:30:32.593041+00,2026-05-05 14:20:12.671544+00
3,75,7,15,2026-05-06 05:41:50.732354+00,2026-05-06 05:46:12.982553+00
3,48,6,61,2026-05-05 13:28:13.95074+00,2026-05-05 14:19:16.644753+00
3,53,9,11,2026-05-05 13:28:27.462379+00,2026-05-05 13:38:13.477643+00
3,47,6,998,2026-05-05 13:26:37.90995+00,2026-05-06 06:05:00.015664+00
3,37,1,135,2026-05-05 09:03:28.362721+00,2026-05-06 05:38:24.889188+00
4,41,11,344,2026-05-05 09:59:39.06261+00,2026-05-06 05:50:15.204302+00
3,74,7,49,2026-05-06 02:10:33.882154+00,2026-05-06 03:52:25.753593+00
3,38,1,94,2026-05-06 05:25:33.328967+00,2026-05-06 05:37:52.695178+00
4,37,19,539,2026-05-05 09:05:02.973815+00,2026-05-06 05:23:59.749292+00
3,64,7,1406,2026-05-05 16:50:27.405015+00,2026-05-06 06:01:02.306704+00
3,50,7,17,2026-05-05 13:27:22.93509+00,2026-05-05 13:39:30.059105+00
4,43,16,32,2026-05-05 16:21:45.763163+00,2026-05-05 16:29:58.233524+00
3,54,5,177,2026-05-05 13:30:38.604017+00,2026-05-05 14:20:37.683448+00
3,54,9,69,2026-05-05 13:38:47.017321+00,2026-05-05 14:20:50.188618+00
3,55,4,144,2026-05-05 13:27:11.432857+00,2026-05-05 14:00:51.057279+00
3,54,7,129,2026-05-05 13:30:38.604017+00,2026-05-05 14:20:58.694174+00
3,44,5,67,2026-05-05 13:26:20.39576+00,2026-05-05 14:02:54.684286+00
3,66,10,1091,2026-05-05 16:41:52.307231+00,2026-05-06 06:06:12.091082+00
3,37,10,30,2026-05-05 09:04:10.799415+00,2026-05-06 05:38:08.489255+00
3,38,9,20,2026-05-06 05:25:37.995149+00,2026-05-06 05:37:02.689077+00
4,19,15,163,2026-05-04 14:16:57.419373+00,2026-05-05 17:38:54.145778+00
3,63,10,867,2026-05-05 16:42:22.195486+00,2026-05-06 06:06:17.105708+00
4,11,15,4076,2026-05-04 10:57:17.428286+00,2026-05-06 06:06:19.107698+00
3,66,6,2099,2026-05-05 16:42:08.819134+00,2026-05-06 06:06:20.563589+00
3,61,8,894,2026-05-05 16:41:49.158605+00,2026-05-06 06:06:21.110993+00
3,31,5,635,2026-05-05 02:43:43.718323+00,2026-05-06 06:06:25.115348+00
3,60,10,388,2026-05-05 16:41:58.866066+00,2026-05-06 06:06:31.622998+00
3,62,8,967,2026-05-05 16:42:13.822021+00,2026-05-06 06:06:34.12635+00
3,55,6,108,2026-05-05 13:26:32.839607+00,2026-05-05 14:00:15.545264+00
3,75,8,16,2026-05-06 05:42:00.503162+00,2026-05-06 05:46:12.982553+00
3,47,8,622,2026-05-05 13:29:11.998168+00,2026-05-06 06:05:26.664733+00
3,56,1,6089,2026-05-05 13:26:33.405+00,2026-05-06 05:56:15.996747+00
3,56,5,3067,2026-05-05 13:26:47.417451+00,2026-05-06 05:55:29.98079+00
3,31,10,221,2026-05-05 02:43:45.219155+00,2026-05-06 05:57:26.738718+00
3,63,8,1219,2026-05-05 16:41:57.811655+00,2026-05-06 06:03:52.795303+00
3,75,10,7,2026-05-06 05:42:46.26334+00,2026-05-06 05:44:34.305543+00
3,65,5,1854,2026-05-05 16:42:24.82767+00,2026-05-06 06:05:52.421115+00
3,60,2,1693,2026-05-05 16:41:55.810454+00,2026-05-06 06:05:57.460171+00
4,37,12,1789,2026-05-05 09:04:57.970026+00,2026-05-06 05:23:44.732741+00
4,38,12,3145,2026-05-05 09:24:20.375816+00,2026-05-06 05:23:50.738662+00
3,42,10,22,2026-05-06 05:24:25.770589+00,2026-05-06 05:39:59.999155+00
3,45,8,66,2026-05-05 13:30:54.124782+00,2026-05-05 14:46:01.005879+00
3,55,8,68,2026-05-05 13:27:02.9284+00,2026-05-05 14:00:41.053824+00
4,76,19,24,2026-05-06 05:54:06.942637+00,2026-05-06 06:06:05.587029+00
3,42,4,26,2026-05-06 05:24:31.777347+00,2026-05-06 05:40:12.637037+00
3,54,6,144,2026-05-05 13:30:35.098262+00,2026-05-05 14:20:44.186449+00
3,55,3,205,2026-05-05 13:26:34.906431+00,2026-05-05 14:01:13.941978+00
3,61,10,667,2026-05-05 16:41:45.069875+00,2026-05-06 06:05:15.035484+00
3,45,1,287,2026-05-05 13:30:40.438036+00,2026-05-05 14:47:21.041165+00
3,62,2,2818,2026-05-05 16:41:51.806158+00,2026-05-06 06:06:13.600824+00
3,56,4,3497,2026-05-05 13:26:31.403342+00,2026-05-06 05:56:22.006678+00
3,66,4,2647,2026-05-05 16:42:21.827169+00,2026-05-06 06:06:21.566173+00
3,67,1,2617,2026-05-05 16:42:23.187179+00,2026-05-06 06:05:25.046275+00
3,61,2,2532,2026-05-05 16:41:48.302939+00,2026-05-06 06:06:25.62589+00
3,62,5,1896,2026-05-05 16:41:53.808717+00,2026-05-06 06:06:27.829326+00
4,11,11,8239,2026-05-04 10:57:09.417856+00,2026-05-06 06:06:28.615759+00
3,67,3,1719,2026-05-05 16:42:31.332476+00,2026-05-06 06:04:38.986267+00
3,62,1,3501,2026-05-05 16:41:39.290384+00,2026-05-06 06:06:30.121283+00
3,66,7,1651,2026-05-05 16:42:21.827169+00,2026-05-06 06:06:30.633456+00
3,66,3,3837,2026-05-05 16:41:52.307231+00,2026-05-06 06:06:31.622998+00
3,67,5,1135,2026-05-05 16:42:18.218941+00,2026-05-06 06:06:31.837458+00
4,38,13,2778,2026-05-05 09:24:22.376819+00,2026-05-06 05:23:45.233761+00
3,11,4,13607,2026-05-04 09:12:44.916443+00,2026-05-06 06:06:35.126669+00
3,11,6,9478,2026-05-04 09:12:44.916443+00,2026-05-06 06:06:35.626975+00
3,63,4,2567,2026-05-05 16:41:53.308275+00,2026-05-06 06:06:36.127749+00
3,30,5,569,2026-05-05 02:42:14.124439+00,2026-05-06 06:03:52.418785+00
4,37,11,2179,2026-05-05 09:04:59.970699+00,2026-05-06 05:23:59.749292+00
3,62,10,753,2026-05-05 16:43:18.295303+00,2026-05-06 06:04:58.012212+00
3,62,6,1550,2026-05-05 16:41:49.158605+00,2026-05-06 06:05:47.565038+00
3,67,6,1022,2026-05-05 16:43:43.089183+00,2026-05-06 06:05:55.073268+00
3,65,9,974,2026-05-05 16:41:45.069875+00,2026-05-06 06:05:57.460171+00
3,30,8,340,2026-05-05 02:41:57.603654+00,2026-05-06 06:05:59.680544+00
4,76,17,19,2026-05-06 05:55:03.466358+00,2026-05-06 06:06:00.078543+00
3,55,1,183,2026-05-05 13:26:33.405+00,2026-05-05 14:00:37.55269+00
3,11,10,3939,2026-05-04 09:13:25.963645+00,2026-05-06 06:06:02.080075+00
3,44,7,39,2026-05-05 13:27:12.932943+00,2026-05-05 14:02:29.649372+00
3,44,6,67,2026-05-05 13:26:21.896315+00,2026-05-05 14:02:36.159946+00
3,56,9,1475,2026-05-05 13:26:43.916198+00,2026-05-06 05:56:03.493692+00
3,47,3,1744,2026-05-05 13:26:17.393441+00,2026-05-06 06:06:05.584199+00
3,53,5,27,2026-05-05 13:26:34.4053+00,2026-05-05 13:38:37.003606+00
3,53,3,41,2026-05-05 13:26:34.906431+00,2026-05-05 13:38:42.511688+00
3,50,5,37,2026-05-05 13:27:17.433119+00,2026-05-05 13:41:18.610995+00
3,62,7,1272,2026-05-05 16:42:13.091342+00,2026-05-06 06:06:16.543951+00
4,11,13,5301,2026-05-04 10:57:11.92129+00,2026-05-06 06:06:16.604912+00
3,61,1,3085,2026-05-05 16:41:44.297547+00,2026-05-06 06:06:26.115859+00
3,61,5,1674,2026-05-05 16:41:58.311356+00,2026-05-06 06:06:27.59936+00
3,62,4,2402,2026-05-05 16:41:54.308787+00,2026-05-06 06:06:28.60715+00
3,63,1,5198,2026-05-05 16:41:54.809265+00,2026-05-06 06:06:30.836316+00
3,53,1,45,2026-05-05 13:26:30.402001+00,2026-05-05 13:38:17.737742+00
3,60,6,861,2026-05-05 16:42:00.813447+00,2026-05-06 06:06:32.847237+00
3,60,1,2366,2026-05-05 16:41:52.307231+00,2026-05-06 06:06:35.626975+00
4,11,19,1852,2026-05-04 11:08:41.903634+00,2026-05-06 06:05:31.553334+00
3,64,6,1710,2026-05-05 16:50:20.159218+00,2026-05-06 06:00:49.173276+00
3,30,4,849,2026-05-05 02:41:58.104856+00,2026-05-06 06:05:49.066806+00
3,30,2,970,2026-05-05 02:42:08.945159+00,2026-05-06 06:04:53.434474+00
3,30,3,1146,2026-05-05 02:41:58.604533+00,2026-05-06 06:05:57.460171+00
3,60,8,559,2026-05-05 16:41:46.801342+00,2026-05-06 06:04:00.426482+00
3,31,1,1804,2026-05-05 02:44:04.732442+00,2026-05-06 06:06:09.08727+00
3,60,3,1413,2026-05-05 16:41:56.811028+00,2026-05-06 06:06:15.103124+00
3,61,3,2323,2026-05-05 16:42:12.821148+00,2026-05-06 06:06:18.106307+00
3,65,4,2144,2026-05-05 16:42:01.813263+00,2026-05-06 06:06:22.112316+00
3,65,2,2995,2026-05-05 16:41:43.296586+00,2026-05-06 06:06:22.112316+00
3,61,4,2125,2026-05-05 16:43:01.855661+00,2026-05-06 06:06:23.11348+00
3,65,6,1621,2026-05-05 16:42:52.849135+00,2026-05-06 06:06:25.827254+00
3,63,3,2962,2026-05-05 16:41:52.80763+00,2026-05-06 06:06:35.126669+00
3,65,1,3302,2026-05-05 16:41:54.169349+00,2026-05-06 06:06:35.126669+00
3,63,2,4817,2026-05-05 16:41:54.809265+00,2026-05-06 06:06:35.338619+00
3,31,2,972,2026-05-05 02:43:42.718279+00,2026-05-06 06:06:35.626975+00
3,60,4,1304,2026-05-05 16:41:42.193313+00,2026-05-06 06:05:49.066806+00
3,63,7,1474,2026-05-05 16:42:26.828107+00,2026-05-06 06:05:54.434666+00
4,76,16,41,2026-05-06 05:54:01.938361+00,2026-05-06 06:06:04.083915+00
3,67,7,777,2026-05-05 16:42:37.101594+00,2026-05-06 06:06:04.08225+00
4,11,12,6686,2026-05-04 10:57:14.424264+00,2026-05-06 06:06:20.610272+00
3,11,7,7673,2026-05-04 09:12:50.422493+00,2026-05-06 06:06:24.819142+00
3,64,9,994,2026-05-05 16:50:27.163449+00,2026-05-06 06:01:09.24655+00
3,11,2,20320,2026-05-04 09:12:44.916443+00,2026-05-06 06:06:25.115348+00
3,65,8,1120,2026-05-05 16:42:21.827169+00,2026-05-06 06:06:26.590434+00
3,47,4,1521,2026-05-05 13:26:22.896667+00,2026-05-06 06:05:43.384328+00
3,64,1,5218,2026-05-05 16:50:17.739145+00,2026-05-06 06:01:36.324162+00
3,67,8,618,2026-05-05 16:43:30.883481+00,2026-05-06 06:05:50.570142+00
4,76,12,92,2026-05-06 05:53:45.427076+00,2026-05-06 06:05:57.075754+00
3,66,9,1227,2026-05-05 16:42:16.32366+00,2026-05-06 06:06:07.085717+00
3,66,8,1372,2026-05-05 16:41:47.593174+00,2026-05-06 06:06:10.527642+00
4,76,11,110,2026-05-06 05:53:47.428595+00,2026-05-06 06:06:12.092291+00
3,67,4,1536,2026-05-05 16:42:04.816226+00,2026-05-06 06:05:33.334416+00
3,11,1,24377,2026-05-04 09:12:55.924479+00,2026-05-06 06:06:27.59936+00
3,47,2,2019,2026-05-05 13:26:15.891443+00,2026-05-06 06:06:27.829326+00
3,65,7,1390,2026-05-05 16:41:59.812617+00,2026-05-06 06:06:30.121283+00
3,66,5,2317,2026-05-05 16:41:50.804238+00,2026-05-06 06:06:30.606767+00
4,76,15,43,2026-05-06 05:53:43.925798+00,2026-05-06 06:06:09.590137+00
3,64,5,1985,2026-05-05 16:50:27.163449+00,2026-05-06 06:01:07.984973+00
3,65,3,3025,2026-05-05 16:41:51.515602+00,2026-05-06 06:06:25.115348+00
3,30,1,1802,2026-05-05 02:41:58.604533+00,2026-05-06 06:06:26.590434+00
3,11,3,17306,2026-05-04 09:13:06.441291+00,2026-05-06 06:06:31.622998+00
4,76,18,26,2026-05-06 05:56:22.006663+00,2026-05-06 06:05:48.566178+00
4,76,20,21,2026-05-06 05:53:51.931798+00,2026-05-06 06:06:03.083341+00
3,47,7,824,2026-05-05 13:26:43.321335+00,2026-05-06 06:06:07.085717+00
4,76,14,53,2026-05-06 05:53:45.427076+00,2026-05-06 06:06:11.09231+00
4,11,16,3228,2026-05-04 10:57:20.289403+00,2026-05-06 06:06:32.62303+00
3,61,6,1446,2026-05-05 16:41:52.307231+00,2026-05-06 06:06:01.079506+00
4,11,17,2816,2026-05-04 10:57:35.440423+00,2026-05-06 06:06:31.622998+00
3,65,10,832,2026-05-05 16:41:54.933231+00,2026-05-06 06:06:34.12635+00
3,66,1,4216,2026-05-05 16:42:00.313498+00,2026-05-06 06:06:32.622903+00
3,63,5,2161,2026-05-05 16:41:46.801342+00,2026-05-06 06:06:33.626316+00
3,66,2,3932,2026-05-05 16:42:10.820683+00,2026-05-06 06:06:33.626316+00
3,63,6,1683,2026-05-05 16:42:17.13676+00,2026-05-06 06:06:36.127749+00
3,64,4,2370,2026-05-05 16:50:24.461138+00,2026-05-06 06:01:26.315985+00
3,64,2,4927,2026-05-05 16:50:16.65799+00,2026-05-06 06:01:33.32063+00
3,64,3,2829,2026-05-05 16:50:14.689814+00,2026-05-06 06:01:16.270068+00
4,76,13,57,2026-05-06 05:53:55.433935+00,2026-05-06 06:06:11.09231+00
3,11,5,10962,2026-05-04 09:12:46.91737+00,2026-05-06 06:06:20.108772+00
4,11,14,5278,2026-05-04 10:57:09.417856+00,2026-05-06 06:06:26.115713+00
3,62,9,881,2026-05-05 16:42:34.250497+00,2026-05-06 06:05:36.34294+00
