15,14,77,2026-05-04 11:33:46.053138+00,2026-05-04 12:02:02.857288+00
25,10,4,2026-05-04 15:28:01.512905+00,2026-05-04 15:30:25.144957+00
27,7,26,2026-05-04 17:55:58.897753+00,2026-05-04 18:07:34.501663+00
54,10,77,2026-05-05 13:38:26.494415+00,2026-05-05 14:19:48.662011+00
25,7,14,2026-05-04 15:28:29.034013+00,2026-05-05 00:11:55.203511+00
35,7,16,2026-05-05 05:54:30.916956+00,2026-05-05 06:09:24.651038+00
12,6,65,2026-05-04 09:15:47.535961+00,2026-05-04 13:28:08.769906+00
12,5,54,2026-05-04 09:15:47.535961+00,2026-05-04 13:28:08.769906+00
46,5,76,2026-05-05 13:26:18.39482+00,2026-05-05 14:02:39.164835+00
11,20,1283,2026-05-04 10:57:28.434096+00,2026-05-06 00:14:44.499013+00
16,9,10,2026-05-04 13:07:59.76517+00,2026-05-04 15:22:09.20097+00
26,16,36,2026-05-04 16:38:58.170545+00,2026-05-04 16:46:35.499476+00
33,10,3,2026-05-05 03:15:10.204386+00,2026-05-05 03:15:58.241262+00
16,4,29,2026-05-04 13:06:55.214377+00,2026-05-05 01:16:03.593588+00
13,20,53,2026-05-04 13:05:36.966326+00,2026-05-05 06:14:24.567751+00
19,18,100,2026-05-04 14:17:16.943652+00,2026-05-05 17:38:59.65371+00
19,10,48,2026-05-04 14:04:17.449129+00,2026-05-05 17:34:03.893404+00
43,9,44,2026-05-05 11:00:40.155793+00,2026-05-05 12:43:15.71177+00
17,3,453,2026-05-04 13:08:41.801669+00,2026-05-05 03:18:07.353318+00
24,3,9,2026-05-04 14:52:28.176145+00,2026-05-04 14:53:27.302061+00
12,3,84,2026-05-04 09:15:49.038032+00,2026-05-04 13:28:18.277475+00
16,5,30,2026-05-04 13:07:07.220955+00,2026-05-04 15:22:19.708061+00
12,10,22,2026-05-04 09:15:52.543043+00,2026-05-04 13:28:18.77744+00
28,12,30,2026-05-04 18:34:56.989538+00,2026-05-04 18:42:18.341742+00
18,7,14,2026-05-04 13:43:19.459656+00,2026-05-04 14:11:14.272864+00
30,6,394,2026-05-05 02:42:14.62515+00,2026-05-06 01:04:39.236673+00
14,15,13,2026-05-05 13:02:37.984813+00,2026-05-05 13:08:32.467883+00
14,19,8,2026-05-05 13:03:43.688748+00,2026-05-05 13:08:32.467883+00
43,19,16,2026-05-05 16:21:31.79827+00,2026-05-05 16:30:04.23619+00
13,8,74,2026-05-04 09:17:50.158012+00,2026-05-06 00:59:39.783181+00
28,2,24,2026-05-04 18:11:28.169623+00,2026-05-04 18:25:56.869066+00
12,14,3,2026-05-04 13:25:14.434039+00,2026-05-04 13:25:15.935944+00
13,14,111,2026-05-04 13:05:40.970094+00,2026-05-05 06:14:42.584389+00
23,4,130,2026-05-04 14:55:37.37272+00,2026-05-04 15:23:38.275364+00
35,9,13,2026-05-05 05:55:27.463759+00,2026-05-05 06:09:50.158313+00
30,3,925,2026-05-05 02:41:58.604533+00,2026-05-06 01:04:46.221423+00
13,2,209,2026-05-04 09:17:47.15378+00,2026-05-06 00:59:41.725655+00
16,10,14,2026-05-04 13:07:21.728496+00,2026-05-05 01:16:17.095734+00
20,9,117,2026-05-04 15:27:07.992761+00,2026-05-05 13:34:10.772367+00
12,2,96,2026-05-04 09:15:48.036679+00,2026-05-04 13:28:25.782238+00
12,4,55,2026-05-04 09:15:52.543043+00,2026-05-04 13:28:25.782238+00
18,13,18,2026-05-04 14:04:07.298228+00,2026-05-04 14:21:17.65135+00
18,2,34,2026-05-04 13:42:32.936967+00,2026-05-04 14:11:21.786151+00
18,16,2,2026-05-04 14:03:56.789369+00,2026-05-04 14:10:19.605801+00
20,18,360,2026-05-04 15:34:17.155124+00,2026-05-05 15:44:57.038164+00
15,20,29,2026-05-04 11:33:43.048977+00,2026-05-04 12:01:13.810686+00
18,12,12,2026-05-04 14:05:29.375472+00,2026-05-04 14:21:17.65135+00
18,15,6,2026-05-04 14:04:00.794481+00,2026-05-04 14:19:17.564511+00
18,11,14,2026-05-04 14:03:59.29344+00,2026-05-04 14:21:17.65135+00
14,20,7,2026-05-04 10:57:47.947373+00,2026-05-05 13:08:37.47094+00
14,17,15,2026-05-05 13:03:07.143499+00,2026-05-05 13:08:38.470927+00
26,1,85,2026-05-04 16:28:59.373079+00,2026-05-04 16:48:59.800995+00
13,17,67,2026-05-04 13:05:50.479733+00,2026-05-05 06:14:47.088932+00
19,4,125,2026-05-04 14:04:11.443281+00,2026-05-05 17:34:16.40592+00
18,3,39,2026-05-04 13:44:23.011474+00,2026-05-04 14:11:26.792537+00
13,12,158,2026-05-04 11:08:40.401517+00,2026-05-05 06:14:47.588788+00
18,1,37,2026-05-04 13:42:27.935973+00,2026-05-04 14:11:26.792537+00
12,12,2,2026-05-04 13:25:19.44042+00,2026-05-04 13:25:20.942481+00
26,13,73,2026-05-04 16:38:46.664387+00,2026-05-04 16:47:09.029837+00
23,9,52,2026-05-04 14:57:41.500478+00,2026-05-04 15:23:50.791631+00
31,9,203,2026-05-05 02:47:18.907996+00,2026-05-06 01:02:58.90906+00
14,13,36,2026-05-04 10:57:28.434096+00,2026-05-05 13:08:41.472692+00
31,10,181,2026-05-05 02:43:45.219155+00,2026-05-06 01:00:58.793916+00
26,5,41,2026-05-04 16:30:57.987292+00,2026-05-04 16:49:02.802384+00
37,7,11,2026-05-05 09:03:21.74575+00,2026-05-05 09:21:07.065399+00
16,8,17,2026-05-04 13:06:50.211226+00,2026-05-04 15:18:43.57513+00
18,14,7,2026-05-04 14:06:47.459254+00,2026-05-04 14:20:25.57397+00
53,9,11,2026-05-05 13:28:27.462379+00,2026-05-05 13:38:13.477643+00
13,4,152,2026-05-04 09:17:51.158553+00,2026-05-06 00:59:48.605175+00
13,15,100,2026-05-04 13:05:24.95392+00,2026-05-05 06:14:55.096312+00
37,19,288,2026-05-05 09:05:02.973815+00,2026-05-05 23:02:13.699083+00
62,4,1632,2026-05-05 16:41:54.308787+00,2026-05-06 01:04:34.850546+00
14,4,31,2026-05-04 10:33:58.221326+00,2026-05-05 13:12:05.678447+00
30,5,491,2026-05-05 02:42:14.124439+00,2026-05-06 01:01:34.331474+00
14,14,17,2026-05-04 11:25:14.190038+00,2026-05-05 13:08:50.97632+00
18,20,3,2026-05-04 14:07:52.519297+00,2026-05-04 14:20:30.614134+00
16,3,30,2026-05-04 13:08:05.217362+00,2026-05-04 15:18:52.082097+00
41,11,235,2026-05-05 09:59:39.06261+00,2026-05-05 14:01:54.603775+00
19,19,93,2026-05-04 14:17:25.453674+00,2026-05-05 17:38:41.127261+00
15,18,34,2026-05-04 11:33:41.549066+00,2026-05-04 12:01:23.824445+00
38,17,849,2026-05-05 09:24:21.876522+00,2026-05-05 23:02:25.207023+00
14,6,30,2026-05-04 10:33:36.209479+00,2026-05-05 13:12:08.679411+00
14,3,50,2026-05-04 10:33:59.219638+00,2026-05-05 12:59:19.498483+00
16,7,16,2026-05-04 13:06:36.705035+00,2026-05-04 15:21:40.668289+00
14,9,16,2026-05-04 10:54:47.661829+00,2026-05-04 12:03:31.324214+00
14,8,13,2026-05-04 10:56:00.724023+00,2026-05-05 13:12:14.690037+00
23,8,72,2026-05-04 14:55:23.862368+00,2026-05-04 15:22:53.731177+00
14,1,62,2026-05-04 10:33:44.216458+00,2026-05-05 13:12:15.69064+00
18,18,3,2026-05-04 14:10:13.598148+00,2026-05-04 14:20:40.621282+00
14,7,22,2026-05-04 10:33:40.712478+00,2026-05-05 13:12:17.693137+00
15,7,1667,2026-05-04 11:31:10.781803+00,2026-05-05 17:11:33.695124+00
14,5,31,2026-05-04 10:47:32.313408+00,2026-05-05 13:12:20.697362+00
18,10,10,2026-05-04 13:43:13.454132+00,2026-05-04 14:02:38.365225+00
14,10,15,2026-05-04 10:47:38.820731+00,2026-05-05 13:12:24.700373+00
12,11,4,2026-05-04 13:24:42.400663+00,2026-05-04 13:25:30.950349+00
14,18,10,2026-05-04 10:57:20.289403+00,2026-05-05 13:08:20.964777+00
14,16,12,2026-05-04 10:57:16.42654+00,2026-05-05 13:08:23.465325+00
12,19,2,2026-05-04 13:25:18.438739+00,2026-05-04 13:25:33.453938+00
13,10,66,2026-05-04 09:17:51.158553+00,2026-05-05 06:17:04.472309+00
12,15,4,2026-05-04 13:24:59.415134+00,2026-05-04 13:25:37.458784+00
15,15,57,2026-05-04 11:33:47.054439+00,2026-05-04 12:01:40.836632+00
12,13,6,2026-05-04 13:24:43.402653+00,2026-05-04 13:25:39.96153+00
12,7,39,2026-05-04 09:16:09.8661+00,2026-05-04 13:27:59.761802+00
12,1,100,2026-05-04 09:15:45.533112+00,2026-05-04 13:28:00.761627+00
12,9,33,2026-05-04 09:16:26.583806+00,2026-05-04 13:21:54.963414+00
15,19,29,2026-05-04 11:33:48.554297+00,2026-05-04 12:01:49.844277+00
15,17,48,2026-05-04 11:34:00.566615+00,2026-05-04 12:01:50.344759+00
15,12,108,2026-05-04 11:33:42.549304+00,2026-05-04 12:01:53.850158+00
15,11,136,2026-05-04 11:33:42.049344+00,2026-05-04 12:01:55.852496+00
15,16,60,2026-05-04 11:33:40.047182+00,2026-05-04 12:01:57.354059+00
12,8,25,2026-05-04 09:16:04.058611+00,2026-05-04 13:26:51.208311+00
15,13,97,2026-05-04 11:33:47.054439+00,2026-05-04 12:01:59.855719+00
18,9,8,2026-05-04 13:43:33.961006+00,2026-05-04 14:02:04.13422+00
25,9,8,2026-05-04 15:28:09.512158+00,2026-05-05 00:11:55.704758+00
34,12,8,2026-05-05 12:00:12.585047+00,2026-05-05 12:01:35.036628+00
40,10,80,2026-05-05 09:31:27.132232+00,2026-05-05 13:43:34.227138+00
18,6,21,2026-05-04 13:42:41.092027+00,2026-05-04 14:11:04.984439+00
27,6,28,2026-05-04 18:00:09.596948+00,2026-05-04 18:08:28.555869+00
17,9,138,2026-05-04 13:09:16.826338+00,2026-05-05 03:17:59.345832+00
25,18,153,2026-05-04 23:58:30.773702+00,2026-05-06 00:14:40.997649+00
25,3,16,2026-05-04 15:27:59.013192+00,2026-05-05 00:11:56.704752+00
26,10,17,2026-05-04 16:32:43.056725+00,2026-05-04 16:48:29.274792+00
41,5,171,2026-05-05 09:41:23.599011+00,2026-05-05 12:50:26.560274+00
25,5,16,2026-05-04 15:28:00.012523+00,2026-05-05 00:11:57.705283+00
48,7,52,2026-05-05 13:27:29.277963+00,2026-05-05 14:17:42.40567+00
25,6,10,2026-05-04 15:28:34.039159+00,2026-05-05 00:11:58.206111+00
30,8,284,2026-05-05 02:41:57.603654+00,2026-05-06 01:01:02.036625+00
23,3,159,2026-05-04 14:56:59.962119+00,2026-05-04 15:23:15.750364+00
48,5,74,2026-05-05 13:26:14.768365+00,2026-05-05 14:19:29.152845+00
12,16,3,2026-05-04 13:24:55.411339+00,2026-05-04 13:25:31.450845+00
12,17,2,2026-05-04 13:24:53.90951+00,2026-05-04 13:25:34.955942+00
25,1,31,2026-05-04 15:28:30.992699+00,2026-05-05 00:12:00.207715+00
39,15,605,2026-05-05 09:26:15.950277+00,2026-05-05 12:30:31.576287+00
63,2,3278,2026-05-05 16:41:54.809265+00,2026-05-06 01:04:44.251204+00
24,4,5,2026-05-04 14:52:41.763657+00,2026-05-04 14:53:16.291124+00
24,8,4,2026-05-04 14:52:41.763657+00,2026-05-04 14:53:16.291124+00
24,7,3,2026-05-04 14:52:45.084181+00,2026-05-04 14:53:18.792352+00
33,8,3,2026-05-05 03:11:43.976338+00,2026-05-05 03:15:46.232033+00
33,9,3,2026-05-05 03:11:54.042235+00,2026-05-05 03:15:48.232348+00
18,5,14,2026-05-04 13:43:38.464376+00,2026-05-04 14:11:17.278261+00
32,20,140,2026-05-05 03:40:51.995+00,2026-05-05 18:26:06.551536+00
25,2,32,2026-05-04 15:28:05.512764+00,2026-05-05 00:12:02.209597+00
18,4,29,2026-05-04 13:42:43.441476+00,2026-05-04 14:11:18.78013+00
18,19,1,2026-05-04 14:10:16.603139+00,2026-05-04 14:10:16.603139+00
31,8,282,2026-05-05 02:47:24.410696+00,2026-05-06 01:03:06.418265+00
17,5,273,2026-05-04 13:08:47.803649+00,2026-05-05 03:18:14.861912+00
20,10,99,2026-05-04 15:21:21.160399+00,2026-05-05 15:46:28.079503+00
35,4,40,2026-05-05 05:56:19.016787+00,2026-05-05 06:09:53.150492+00
16,2,48,2026-05-04 13:07:09.222593+00,2026-05-05 01:16:08.09354+00
13,7,94,2026-05-04 09:17:37.14753+00,2026-05-06 00:59:48.605175+00
37,14,600,2026-05-05 09:04:58.970687+00,2026-05-05 23:02:00.691203+00
32,16,284,2026-05-05 03:40:41.987181+00,2026-05-05 18:26:10.555401+00
25,19,141,2026-05-04 23:57:08.242788+00,2026-05-06 00:14:56.506009+00
19,7,87,2026-05-04 14:03:56.431205+00,2026-05-05 17:33:59.39045+00
13,9,59,2026-05-04 11:09:10.830407+00,2026-05-06 00:58:51.517462+00
24,2,9,2026-05-04 14:52:33.757001+00,2026-05-04 14:53:27.302061+00
24,1,8,2026-05-04 14:52:36.758688+00,2026-05-04 14:53:27.302061+00
29,4,41,2026-05-04 19:29:23.466147+00,2026-05-04 19:59:17.570269+00
40,5,218,2026-05-05 09:30:36.584037+00,2026-05-05 13:43:57.990816+00
19,2,217,2026-05-04 14:04:09.942089+00,2026-05-05 17:34:07.046195+00
23,1,265,2026-05-04 14:55:53.388303+00,2026-05-04 15:23:23.759645+00
23,5,111,2026-05-04 14:56:11.408348+00,2026-05-04 15:23:24.260812+00
13,16,103,2026-05-04 13:05:29.45741+00,2026-05-05 06:14:46.588183+00
43,20,17,2026-05-05 16:21:30.201539+00,2026-05-05 16:29:13.707838+00
13,3,208,2026-05-04 09:17:51.658287+00,2026-05-06 00:59:49.754117+00
19,1,224,2026-05-04 14:04:14.447297+00,2026-05-05 17:34:15.904949+00
18,8,14,2026-05-04 13:42:44.078446+00,2026-05-04 14:02:49.082354+00
39,20,271,2026-05-05 09:37:19.680667+00,2026-05-05 12:30:58.608998+00
27,5,50,2026-05-04 17:56:45.132387+00,2026-05-04 18:07:49.017476+00
30,4,709,2026-05-05 02:41:58.104856+00,2026-05-06 01:03:25.439515+00
29,1,77,2026-05-04 19:29:23.466147+00,2026-05-04 19:59:20.573491+00
19,20,68,2026-05-04 14:17:14.440139+00,2026-05-05 17:39:05.658088+00
13,11,210,2026-05-04 11:08:33.391316+00,2026-05-05 06:14:51.091869+00
19,9,44,2026-05-04 14:04:15.948329+00,2026-05-05 17:34:20.410151+00
20,11,1354,2026-05-04 15:30:58.034244+00,2026-05-05 15:45:03.539728+00
23,2,224,2026-05-04 14:55:48.383542+00,2026-05-04 15:23:28.765774+00
23,7,88,2026-05-04 14:55:33.367688+00,2026-05-04 15:23:28.765774+00
32,5,407,2026-05-05 03:12:41.612653+00,2026-05-05 11:04:46.364475+00
16,1,61,2026-05-04 13:06:42.708626+00,2026-05-05 01:16:15.914+00
41,8,78,2026-05-05 09:44:28.769905+00,2026-05-05 12:50:21.050788+00
26,9,23,2026-05-04 16:32:40.556646+00,2026-05-04 16:48:53.29694+00
13,13,167,2026-05-04 13:05:11.441284+00,2026-05-05 06:14:58.601281+00
25,14,340,2026-05-04 23:58:44.788541+00,2026-05-06 00:15:05.008695+00
34,4,879,2026-05-05 04:38:58.457198+00,2026-05-06 01:04:12.163109+00
32,10,161,2026-05-05 03:18:28.874501+00,2026-05-05 11:04:46.364475+00
24,6,5,2026-05-04 14:52:40.722214+00,2026-05-04 14:52:46.769322+00
26,7,21,2026-05-04 16:31:22.003433+00,2026-05-04 16:48:55.115437+00
19,16,148,2026-05-04 14:16:06.890406+00,2026-05-05 17:39:13.168733+00
37,11,1149,2026-05-05 09:04:59.970699+00,2026-05-05 23:02:13.198209+00
23,10,43,2026-05-04 14:56:52.953226+00,2026-05-04 15:23:45.785647+00
14,2,63,2026-05-04 10:33:45.216805+00,2026-05-05 13:12:10.685044+00
26,2,69,2026-05-04 16:30:16.450743+00,2026-05-04 16:48:56.299358+00
41,18,56,2026-05-05 10:00:35.613507+00,2026-05-05 14:02:09.626848+00
25,8,7,2026-05-04 15:28:32.538311+00,2026-05-05 00:10:45.665035+00
37,16,462,2026-05-05 09:05:05.475166+00,2026-05-05 23:02:15.199987+00
37,13,872,2026-05-05 09:05:21.489001+00,2026-05-05 23:02:15.701273+00
18,17,7,2026-05-04 14:03:57.791127+00,2026-05-04 14:19:37.078828+00
26,3,63,2026-05-04 16:29:09.38573+00,2026-05-04 16:48:59.800995+00
11,12,5704,2026-05-04 10:57:14.424264+00,2026-05-06 00:59:20.775003+00
37,4,19,2026-05-05 09:03:28.756742+00,2026-05-05 09:21:00.559211+00
23,6,105,2026-05-04 14:56:10.908251+00,2026-05-04 15:22:37.219452+00
27,8,22,2026-05-04 17:59:16.027524+00,2026-05-04 18:08:17.545936+00
28,16,19,2026-05-04 18:35:14.504843+00,2026-05-04 18:42:06.834488+00
26,6,39,2026-05-04 16:31:25.004277+00,2026-05-04 16:49:03.302388+00
24,9,4,2026-05-04 14:52:53.272699+00,2026-05-04 14:52:59.274677+00
26,4,37,2026-05-04 16:32:05.52826+00,2026-05-04 16:49:04.302157+00
15,9,1121,2026-05-04 11:30:56.773134+00,2026-05-05 17:11:33.695124+00
37,1,32,2026-05-05 09:03:28.362721+00,2026-05-05 09:21:10.069594+00
13,5,140,2026-05-04 11:09:02.318514+00,2026-05-06 00:59:30.277369+00
24,5,4,2026-05-04 14:52:40.722214+00,2026-05-04 14:53:02.779222+00
24,10,2,2026-05-04 14:52:51.272637+00,2026-05-04 14:53:03.780275+00
28,18,11,2026-05-04 18:34:40.978173+00,2026-05-04 18:42:15.840821+00
28,10,6,2026-05-04 18:11:16.663639+00,2026-05-04 18:25:38.850194+00
28,7,13,2026-05-04 18:11:27.075321+00,2026-05-04 18:25:40.853107+00
28,8,11,2026-05-04 18:11:34.670861+00,2026-05-04 18:25:40.853107+00
28,1,39,2026-05-04 18:11:10.663091+00,2026-05-04 18:25:52.866863+00
26,19,21,2026-05-04 16:38:48.16531+00,2026-05-04 16:46:57.520397+00
26,8,22,2026-05-04 16:32:34.556684+00,2026-05-04 16:38:06.33055+00
16,6,23,2026-05-04 13:07:01.717245+00,2026-05-04 15:19:02.024981+00
26,17,33,2026-05-04 16:38:57.170373+00,2026-05-04 16:47:01.522505+00
25,4,26,2026-05-04 15:28:13.516434+00,2026-05-05 00:11:52.702343+00
26,15,38,2026-05-04 16:39:02.172317+00,2026-05-04 16:47:08.029204+00
26,12,84,2026-05-04 16:38:50.167398+00,2026-05-04 16:47:08.029204+00
26,11,102,2026-05-04 16:38:53.668619+00,2026-05-04 16:47:09.029837+00
41,1,367,2026-05-05 09:41:18.090387+00,2026-05-05 12:50:26.058717+00
48,9,32,2026-05-05 13:27:30.144244+00,2026-05-05 14:19:27.152807+00
31,1,1505,2026-05-05 02:44:04.732442+00,2026-05-06 01:03:36.803169+00
31,5,514,2026-05-05 02:43:43.718323+00,2026-05-06 01:03:41.449203+00
28,9,8,2026-05-04 18:11:23.667825+00,2026-05-04 18:34:34.774317+00
31,3,1063,2026-05-05 02:43:51.915462+00,2026-05-06 01:04:42.019555+00
34,1,1683,2026-05-05 04:38:29.947358+00,2026-05-06 01:03:56.972592+00
42,16,220,2026-05-05 10:01:33.649777+00,2026-05-05 12:33:38.489479+00
43,10,40,2026-05-05 11:02:05.736033+00,2026-05-05 12:44:41.796786+00
43,5,100,2026-05-05 10:59:39.577749+00,2026-05-05 12:44:42.796689+00
28,19,4,2026-05-04 18:34:48.987093+00,2026-05-04 18:41:42.320678+00
34,7,479,2026-05-05 04:38:57.957276+00,2026-05-06 01:02:45.393199+00
29,5,34,2026-05-04 19:29:24.684519+00,2026-05-04 19:58:52.546241+00
34,15,4,2026-05-05 12:00:36.16231+00,2026-05-05 12:01:37.667233+00
19,3,190,2026-05-04 14:04:14.947237+00,2026-05-05 17:34:04.893688+00
43,7,65,2026-05-05 11:00:36.65492+00,2026-05-05 12:44:42.796689+00
43,2,184,2026-05-05 10:59:36.073308+00,2026-05-05 12:44:45.29932+00
39,17,406,2026-05-05 09:24:15.87182+00,2026-05-05 12:30:39.584413+00
13,18,62,2026-05-04 13:05:16.44736+00,2026-05-05 06:14:35.578134+00
28,17,21,2026-05-04 18:34:58.491733+00,2026-05-04 18:41:59.008375+00
60,5,746,2026-05-05 16:41:33.956446+00,2026-05-06 01:04:43.520704+00
56,1,4601,2026-05-05 13:26:33.405+00,2026-05-06 01:04:46.221423+00
34,9,361,2026-05-05 04:44:17.19194+00,2026-05-06 01:04:04.48151+00
63,1,3600,2026-05-05 16:41:54.809265+00,2026-05-06 01:04:47.524217+00
26,20,18,2026-05-04 16:39:23.681881+00,2026-05-04 16:47:05.027349+00
17,2,534,2026-05-04 13:08:50.806283+00,2026-05-05 03:18:05.351804+00
29,2,65,2026-05-04 19:29:24.684519+00,2026-05-04 19:59:17.069896+00
30,10,196,2026-05-05 02:48:07.922295+00,2026-05-06 01:02:04.841164+00
29,9,16,2026-05-04 19:29:37.691942+00,2026-05-04 19:59:24.075194+00
17,6,228,2026-05-04 13:08:50.806283+00,2026-05-05 03:18:09.856541+00
33,7,5,2026-05-05 03:13:48.144634+00,2026-05-05 03:16:10.755314+00
33,3,12,2026-05-05 03:11:52.075317+00,2026-05-05 03:16:21.771312+00
15,6,2076,2026-05-04 11:31:46.802429+00,2026-05-05 15:39:34.712185+00
17,7,192,2026-05-04 13:08:50.806283+00,2026-05-05 03:16:23.771904+00
33,1,20,2026-05-05 03:11:41.566261+00,2026-05-05 03:16:26.272998+00
19,5,119,2026-05-04 14:04:11.443281+00,2026-05-05 17:34:19.467326+00
27,3,75,2026-05-04 17:56:45.932441+00,2026-05-04 18:08:06.534329+00
14,12,37,2026-05-04 10:57:12.421759+00,2026-05-05 13:08:40.473226+00
45,9,44,2026-05-05 13:38:24.490412+00,2026-05-05 14:45:43.494593+00
37,17,381,2026-05-05 09:05:14.484254+00,2026-05-05 23:02:03.191456+00
27,9,23,2026-05-04 18:00:12.597041+00,2026-05-04 18:08:09.538252+00
32,13,432,2026-05-05 03:40:58.500452+00,2026-05-05 18:26:16.063542+00
37,15,525,2026-05-05 09:05:31.494851+00,2026-05-05 23:02:03.692056+00
33,4,8,2026-05-05 03:13:07.127596+00,2026-05-05 03:15:21.217052+00
43,12,69,2026-05-05 16:21:31.79827+00,2026-05-05 16:29:58.233524+00
27,4,47,2026-05-04 17:56:18.914692+00,2026-05-04 18:08:11.542066+00
19,13,296,2026-05-04 14:16:07.890625+00,2026-05-05 17:39:11.666332+00
27,2,94,2026-05-04 17:56:19.914392+00,2026-05-04 18:08:12.544053+00
32,18,190,2026-05-05 03:44:40.180309+00,2026-05-05 18:26:17.565636+00
47,7,657,2026-05-05 13:26:43.321335+00,2026-05-06 01:01:11.823266+00
34,8,408,2026-05-05 04:38:07.435208+00,2026-05-06 01:04:15.99715+00
13,6,115,2026-05-04 09:17:53.659903+00,2026-05-06 00:59:03.766529+00
28,4,13,2026-05-04 18:11:24.667854+00,2026-05-04 18:21:22.183411+00
32,17,223,2026-05-05 03:40:39.984918+00,2026-05-05 18:25:38.238654+00
28,6,16,2026-05-04 18:11:31.670281+00,2026-05-04 18:25:40.853107+00
67,9,382,2026-05-05 16:52:03.217171+00,2026-05-06 01:04:32.512255+00
25,17,203,2026-05-04 23:56:52.232728+00,2026-05-06 00:14:52.003335+00
27,1,108,2026-05-04 17:56:04.901917+00,2026-05-04 18:08:21.549297+00
32,15,320,2026-05-05 03:41:48.050694+00,2026-05-05 18:26:22.071329+00
41,14,112,2026-05-05 09:59:48.567106+00,2026-05-05 14:01:49.09383+00
32,8,196,2026-05-05 03:12:30.106605+00,2026-05-05 11:04:47.364847+00
28,3,12,2026-05-04 18:11:32.671197+00,2026-05-04 18:25:48.862275+00
54,7,129,2026-05-05 13:30:38.604017+00,2026-05-05 14:20:58.694174+00
13,19,54,2026-05-04 13:42:51.809145+00,2026-05-05 06:14:58.100328+00
40,8,116,2026-05-05 09:31:29.134355+00,2026-05-05 13:43:57.742815+00
47,2,1603,2026-05-05 13:26:15.891443+00,2026-05-06 01:04:36.001236+00
35,1,53,2026-05-05 05:54:30.916956+00,2026-05-05 06:09:43.154899+00
15,10,943,2026-05-04 11:32:26.824327+00,2026-05-05 17:11:24.176836+00
28,5,20,2026-05-04 18:11:23.167262+00,2026-05-04 18:25:57.369791+00
20,14,677,2026-05-04 15:31:12.542788+00,2026-05-05 15:44:50.033204+00
32,6,296,2026-05-05 03:18:32.377664+00,2026-05-05 11:04:51.365651+00
54,3,237,2026-05-05 13:30:27.088416+00,2026-05-05 14:21:05.201763+00
34,3,1066,2026-05-05 04:38:02.433609+00,2026-05-06 01:03:14.93099+00
40,7,138,2026-05-05 09:30:43.087109+00,2026-05-05 13:44:08.251413+00
42,18,149,2026-05-05 10:08:54.01706+00,2026-05-05 12:32:05.182661+00
41,16,82,2026-05-05 09:59:49.067771+00,2026-05-05 14:01:57.61203+00
15,2,4452,2026-05-04 11:30:58.775108+00,2026-05-05 17:11:31.369122+00
40,2,362,2026-05-05 09:30:44.088143+00,2026-05-05 13:44:11.752278+00
35,6,25,2026-05-05 05:54:30.916956+00,2026-05-05 06:09:46.657731+00
15,4,2945,2026-05-04 11:30:55.772779+00,2026-05-05 17:11:32.038671+00
15,8,1358,2026-05-04 11:31:37.297706+00,2026-05-05 17:11:32.447314+00
32,2,765,2026-05-05 03:12:50.620247+00,2026-05-05 11:04:52.866855+00
20,17,463,2026-05-04 15:30:50.523616+00,2026-05-05 15:45:07.542143+00
30,9,267,2026-05-05 02:47:14.906821+00,2026-05-06 01:00:29.805598+00
32,3,468,2026-05-05 03:12:50.820971+00,2026-05-05 11:04:54.366713+00
20,6,237,2026-05-04 15:21:24.160903+00,2026-05-05 15:46:33.084628+00
29,8,14,2026-05-04 19:30:27.223821+00,2026-05-04 19:58:25.022288+00
47,3,1378,2026-05-05 13:26:17.393441+00,2026-05-06 01:02:31.374026+00
35,2,55,2026-05-05 05:54:30.916956+00,2026-05-05 06:09:53.150492+00
20,1,613,2026-05-04 15:21:14.656298+00,2026-05-05 15:46:42.59471+00
20,7,206,2026-05-04 15:21:45.67437+00,2026-05-05 15:46:45.597811+00
41,17,73,2026-05-05 09:59:49.067771+00,2026-05-05 14:02:08.6257+00
25,11,717,2026-05-04 15:31:20.549258+00,2026-05-06 00:15:08.513277+00
37,8,12,2026-05-05 09:03:35.764379+00,2026-05-05 09:21:04.562707+00
20,2,523,2026-05-04 15:21:11.520238+00,2026-05-05 15:46:47.099449+00
37,9,14,2026-05-05 09:03:30.757917+00,2026-05-05 09:21:06.564425+00
25,15,292,2026-05-04 23:59:05.81613+00,2026-05-06 00:15:09.01385+00
39,16,523,2026-05-05 09:37:22.52545+00,2026-05-05 12:31:04.114899+00
25,13,402,2026-05-04 15:31:22.550192+00,2026-05-06 00:15:10.514781+00
35,3,39,2026-05-05 05:54:16.403135+00,2026-05-05 06:10:01.661744+00
41,3,217,2026-05-05 09:41:20.094671+00,2026-05-05 12:50:13.043595+00
40,9,100,2026-05-05 09:30:51.095179+00,2026-05-05 13:43:05.469742+00
42,14,254,2026-05-05 10:02:23.703109+00,2026-05-05 12:32:16.579498+00
37,2,22,2026-05-05 09:03:32.258641+00,2026-05-05 09:21:12.574607+00
20,5,286,2026-05-04 15:21:12.655989+00,2026-05-05 15:46:51.104207+00
20,3,427,2026-05-04 15:21:48.178303+00,2026-05-05 15:46:51.104207+00
20,4,321,2026-05-04 15:21:11.520238+00,2026-05-05 15:46:53.077529+00
11,13,4557,2026-05-04 10:57:11.92129+00,2026-05-06 00:15:13.016002+00
41,6,128,2026-05-05 09:41:23.098024+00,2026-05-05 12:50:22.554291+00
13,1,266,2026-05-04 09:17:46.654196+00,2026-05-06 00:59:29.277796+00
34,16,2,2026-05-05 12:00:21.593324+00,2026-05-05 12:00:51.121888+00
32,7,221,2026-05-05 03:13:06.627297+00,2026-05-05 11:02:17.274399+00
34,13,5,2026-05-05 12:00:27.095643+00,2026-05-05 12:01:05.638652+00
28,11,43,2026-05-04 18:34:40.978173+00,2026-05-04 18:42:33.348107+00
44,9,32,2026-05-05 13:28:47.974731+00,2026-05-05 14:02:26.139882+00
26,14,44,2026-05-04 16:38:53.668619+00,2026-05-04 16:46:58.522042+00
26,18,28,2026-05-04 16:38:58.670937+00,2026-05-04 16:47:00.022362+00
28,13,35,2026-05-04 18:34:54.488826+00,2026-05-04 18:42:37.850462+00
28,14,25,2026-05-04 18:34:46.484319+00,2026-05-04 18:42:37.850462+00
27,10,16,2026-05-04 17:56:49.435234+00,2026-05-04 18:08:06.032673+00
44,2,103,2026-05-05 13:26:24.528371+00,2026-05-05 14:03:27.715531+00
53,8,21,2026-05-05 13:26:28.900156+00,2026-05-05 13:38:27.971256+00
67,3,1207,2026-05-05 16:42:31.332476+00,2026-05-06 01:04:41.019599+00
19,17,118,2026-05-04 14:16:03.888433+00,2026-05-05 17:38:54.145778+00
29,7,23,2026-05-04 19:29:25.684928+00,2026-05-04 19:58:56.048646+00
42,19,122,2026-05-05 10:02:07.687838+00,2026-05-05 12:31:29.043957+00
64,3,2289,2026-05-05 16:50:14.689814+00,2026-05-06 01:04:43.520704+00
29,6,23,2026-05-04 19:29:25.684928+00,2026-05-04 19:59:04.063096+00
44,7,39,2026-05-05 13:27:12.932943+00,2026-05-05 14:02:29.649372+00
17,10,122,2026-05-04 13:09:12.211374+00,2026-05-05 03:18:01.349199+00
33,6,5,2026-05-05 03:11:47.571059+00,2026-05-05 03:15:48.732659+00
31,6,398,2026-05-05 02:43:45.719551+00,2026-05-06 01:04:46.020413+00
56,2,4124,2026-05-05 13:26:37.90995+00,2026-05-06 01:04:47.023771+00
17,4,341,2026-05-04 13:08:48.803256+00,2026-05-05 03:18:15.8625+00
28,20,10,2026-05-04 18:34:47.484691+00,2026-05-04 18:42:10.337308+00
17,1,624,2026-05-04 13:08:37.800068+00,2026-05-05 03:18:15.8625+00
35,10,8,2026-05-05 05:54:49.933462+00,2026-05-05 06:09:37.654466+00
42,13,359,2026-05-05 10:01:51.166534+00,2026-05-05 12:33:27.761331+00
11,4,12334,2026-05-04 09:12:44.916443+00,2026-05-06 01:04:47.524217+00
65,3,2324,2026-05-05 16:41:51.515602+00,2026-05-06 01:04:48.024951+00
44,10,26,2026-05-05 13:26:26.387252+00,2026-05-05 13:57:33.405454+00
44,4,87,2026-05-05 13:26:19.394965+00,2026-05-05 14:03:32.21969+00
37,18,339,2026-05-05 09:05:07.977162+00,2026-05-05 23:02:03.692056+00
34,11,8,2026-05-05 12:00:45.115365+00,2026-05-05 12:01:32.161306+00
48,10,25,2026-05-05 13:27:51.383288+00,2026-05-05 14:14:44.357788+00
43,4,123,2026-05-05 11:00:01.608451+00,2026-05-05 12:44:38.795048+00
30,1,1501,2026-05-05 02:41:58.604533+00,2026-05-06 01:03:53.468009+00
43,6,78,2026-05-05 11:00:10.118966+00,2026-05-05 12:44:40.295369+00
19,6,93,2026-05-04 14:03:35.405042+00,2026-05-05 17:34:12.402045+00
55,9,73,2026-05-05 13:26:28.900156+00,2026-05-05 14:00:38.552752+00
35,5,22,2026-05-05 05:55:03.945753+00,2026-05-05 06:10:01.661744+00
34,14,5,2026-05-05 12:00:35.104662+00,2026-05-05 13:33:51.262519+00
33,2,23,2026-05-05 03:11:48.07219+00,2026-05-05 03:16:21.771312+00
46,6,47,2026-05-05 13:26:21.395947+00,2026-05-05 14:02:37.161129+00
43,1,205,2026-05-05 11:00:09.61814+00,2026-05-05 12:44:43.798682+00
19,12,289,2026-05-04 14:16:03.389231+00,2026-05-05 17:39:07.15981+00
37,5,17,2026-05-05 09:03:42.773983+00,2026-05-05 09:21:11.072342+00
43,3,147,2026-05-05 10:59:39.076612+00,2026-05-05 12:44:44.29938+00
20,8,156,2026-05-04 15:21:14.068593+00,2026-05-05 15:46:10.069497+00
61,10,496,2026-05-05 16:41:45.069875+00,2026-05-06 01:03:59.874653+00
32,9,182,2026-05-05 03:17:22.313452+00,2026-05-05 11:02:41.774318+00
53,7,18,2026-05-05 13:26:36.095244+00,2026-05-05 13:38:34.002115+00
54,5,177,2026-05-05 13:30:38.604017+00,2026-05-05 14:20:37.683448+00
47,4,1225,2026-05-05 13:26:22.896667+00,2026-05-06 01:04:06.484776+00
46,4,96,2026-05-05 13:26:29.900937+00,2026-05-05 14:02:43.169905+00
39,18,386,2026-05-05 09:25:50.940236+00,2026-05-05 12:30:40.584414+00
55,4,144,2026-05-05 13:27:11.432857+00,2026-05-05 14:00:51.057279+00
37,20,245,2026-05-05 09:04:55.46824+00,2026-05-05 23:02:12.197122+00
55,7,91,2026-05-05 13:26:29.900937+00,2026-05-05 14:00:56.061314+00
38,16,1113,2026-05-05 09:24:35.38674+00,2026-05-05 23:02:12.698312+00
41,20,53,2026-05-05 10:00:09.589759+00,2026-05-05 14:01:52.600304+00
32,1,920,2026-05-05 03:12:43.113436+00,2026-05-05 11:04:50.365397+00
46,10,27,2026-05-05 13:26:25.027223+00,2026-05-05 14:01:57.612134+00
32,4,429,2026-05-05 03:12:53.121724+00,2026-05-05 11:04:51.865797+00
14,11,41,2026-05-04 10:57:40.443346+00,2026-05-05 13:08:54.977082+00
43,15,31,2026-05-05 16:21:29.531318+00,2026-05-05 16:29:58.73302+00
25,20,127,2026-05-04 23:58:45.790344+00,2026-05-06 00:15:05.508367+00
62,5,1269,2026-05-05 16:41:53.808717+00,2026-05-06 01:04:21.000656+00
25,16,235,2026-05-04 23:57:43.752508+00,2026-05-06 00:15:05.508367+00
38,20,551,2026-05-05 09:24:18.873121+00,2026-05-05 23:02:16.701406+00
41,15,108,2026-05-05 09:59:53.573738+00,2026-05-05 14:02:01.113687+00
25,12,593,2026-05-04 15:31:26.052457+00,2026-05-06 00:15:06.51187+00
38,12,2219,2026-05-05 09:24:20.375816+00,2026-05-05 23:02:17.701654+00
46,1,155,2026-05-05 13:26:16.828852+00,2026-05-05 14:02:05.119067+00
42,11,491,2026-05-05 10:01:36.651442+00,2026-05-05 12:33:52.289972+00
11,8,5273,2026-05-04 09:13:27.463407+00,2026-05-06 01:01:11.336645+00
53,10,7,2026-05-05 13:26:35.082003+00,2026-05-05 13:30:40.106704+00
45,5,122,2026-05-05 13:30:34.597125+00,2026-05-05 14:46:57.032475+00
46,9,31,2026-05-05 13:26:22.896667+00,2026-05-05 14:02:06.120514+00
44,8,26,2026-05-05 13:28:15.451462+00,2026-05-05 14:03:10.198296+00
11,19,1593,2026-05-04 11:08:41.903634+00,2026-05-06 00:15:10.014001+00
31,7,367,2026-05-05 02:44:21.562136+00,2026-05-06 01:04:30.1863+00
48,8,41,2026-05-05 13:26:42.41483+00,2026-05-05 14:17:18.530352+00
65,9,722,2026-05-05 16:41:45.069875+00,2026-05-06 01:04:31.834657+00
56,10,933,2026-05-05 13:26:33.881654+00,2026-05-06 01:03:15.932052+00
11,3,15639,2026-05-04 09:13:06.441291+00,2026-05-06 01:04:32.835071+00
40,3,277,2026-05-05 09:30:47.091669+00,2026-05-05 13:44:06.536141+00
67,6,664,2026-05-05 16:43:43.089183+00,2026-05-06 01:01:22.329155+00
32,12,625,2026-05-05 03:40:51.995+00,2026-05-05 18:26:21.06954+00
32,11,778,2026-05-05 03:40:47.991143+00,2026-05-05 18:26:22.071329+00
41,12,193,2026-05-05 09:59:50.068526+00,2026-05-05 14:02:11.629607+00
45,6,92,2026-05-05 13:38:09.97364+00,2026-05-05 14:47:05.533897+00
41,9,88,2026-05-05 09:41:25.021721+00,2026-05-05 12:50:14.546427+00
55,5,134,2026-05-05 13:26:37.5475+00,2026-05-05 14:01:13.941978+00
40,1,478,2026-05-05 09:30:54.597648+00,2026-05-05 13:44:11.752278+00
55,6,108,2026-05-05 13:26:32.839607+00,2026-05-05 14:00:15.545264+00
41,4,204,2026-05-05 09:41:20.596353+00,2026-05-05 12:50:20.049539+00
50,9,14,2026-05-05 13:26:45.188963+00,2026-05-05 13:41:00.604359+00
39,11,1309,2026-05-05 09:24:28.880837+00,2026-05-05 12:31:13.122321+00
40,6,158,2026-05-05 09:31:20.125614+00,2026-05-05 13:44:12.75291+00
47,10,362,2026-05-05 13:28:10.948859+00,2026-05-06 01:03:32.929233+00
41,2,325,2026-05-05 09:41:27.604649+00,2026-05-05 12:50:24.056189+00
15,3,3615,2026-05-04 11:31:04.278096+00,2026-05-05 17:11:34.389181+00
34,17,1,2026-05-05 12:01:11.639771+00,2026-05-05 12:01:11.639771+00
45,3,162,2026-05-05 13:38:28.78141+00,2026-05-05 14:47:13.035863+00
50,3,33,2026-05-05 13:26:33.881654+00,2026-05-05 13:41:05.107081+00
20,19,279,2026-05-04 15:31:00.036318+00,2026-05-05 15:44:48.030806+00
15,1,5307,2026-05-04 11:30:55.772779+00,2026-05-05 17:11:41.702642+00
50,4,21,2026-05-05 13:26:23.397027+00,2026-05-05 13:41:10.162817+00
20,20,279,2026-05-04 15:30:49.02265+00,2026-05-05 15:44:54.536373+00
39,14,672,2026-05-05 09:24:23.877689+00,2026-05-05 12:31:23.635982+00
20,15,572,2026-05-04 15:30:49.523101+00,2026-05-05 15:44:59.039876+00
20,12,1107,2026-05-04 15:31:05.038786+00,2026-05-05 15:45:02.539721+00
20,16,513,2026-05-04 15:30:49.523101+00,2026-05-05 15:45:04.039945+00
41,7,112,2026-05-05 09:41:27.103498+00,2026-05-05 12:50:25.056787+00
28,15,21,2026-05-04 18:35:18.508256+00,2026-05-04 18:42:56.362788+00
17,8,165,2026-05-04 13:09:17.326654+00,2026-05-05 03:18:03.350723+00
48,2,114,2026-05-05 13:28:48.102414+00,2026-05-05 14:20:26.679116+00
53,6,27,2026-05-05 13:26:38.216789+00,2026-05-05 13:38:25.888824+00
56,6,1967,2026-05-05 13:26:39.412222+00,2026-05-06 01:04:37.517931+00
35,8,16,2026-05-05 05:55:00.943054+00,2026-05-05 06:09:57.160729+00
33,5,9,2026-05-05 03:12:27.104135+00,2026-05-05 03:15:12.206114+00
29,10,12,2026-05-04 19:30:02.455302+00,2026-05-04 19:59:21.073404+00
56,7,1634,2026-05-05 13:26:37.90995+00,2026-05-06 01:04:41.51953+00
47,5,890,2026-05-05 13:28:12.950256+00,2026-05-06 01:04:42.51963+00
29,3,49,2026-05-04 19:29:29.187205+00,2026-05-04 19:59:33.582977+00
56,4,2684,2026-05-05 13:26:31.403342+00,2026-05-06 01:04:43.520704+00
11,10,3570,2026-05-04 09:13:25.963645+00,2026-05-06 01:04:43.75269+00
11,9,4396,2026-05-04 09:12:52.923192+00,2026-05-06 01:04:45.20049+00
63,3,2076,2026-05-05 16:41:52.80763+00,2026-05-06 01:04:47.524217+00
34,2,1446,2026-05-05 04:37:59.430481+00,2026-05-06 01:02:41.886709+00
43,8,55,2026-05-05 11:00:05.6133+00,2026-05-05 12:44:44.29938+00
45,10,44,2026-05-05 13:38:42.011066+00,2026-05-05 14:44:32.388816+00
37,10,6,2026-05-05 09:04:10.799415+00,2026-05-05 09:21:03.062626+00
50,7,17,2026-05-05 13:27:22.93509+00,2026-05-05 13:39:30.059105+00
37,6,9,2026-05-05 09:03:59.290266+00,2026-05-05 09:21:09.068059+00
37,3,27,2026-05-05 09:03:47.276556+00,2026-05-05 09:21:11.572639+00
42,17,167,2026-05-05 10:01:42.157848+00,2026-05-05 12:32:40.717134+00
19,15,163,2026-05-04 14:16:57.419373+00,2026-05-05 17:38:54.145778+00
38,19,606,2026-05-05 09:25:13.915662+00,2026-05-05 23:02:07.193278+00
11,5,9894,2026-05-04 09:12:46.91737+00,2026-05-06 01:03:54.469612+00
61,9,586,2026-05-05 16:42:29.330227+00,2026-05-06 01:03:55.469628+00
39,19,322,2026-05-05 09:24:28.380197+00,2026-05-05 12:30:41.084653+00
46,3,99,2026-05-05 13:26:44.91697+00,2026-05-05 14:02:31.652525+00
42,12,444,2026-05-05 10:01:57.675353+00,2026-05-05 12:33:56.295238+00
11,17,2360,2026-05-04 10:57:35.440423+00,2026-05-06 00:15:09.01385+00
41,10,73,2026-05-05 09:41:44.128164+00,2026-05-05 12:50:17.047121+00
53,2,44,2026-05-05 13:26:26.893319+00,2026-05-05 13:38:33.000887+00
19,11,310,2026-05-04 14:16:06.890406+00,2026-05-05 17:39:07.15981+00
53,4,28,2026-05-05 13:26:45.795597+00,2026-05-05 13:37:39.938059+00
11,18,1743,2026-05-04 10:57:35.679379+00,2026-05-06 00:15:17.017269+00
38,14,1289,2026-05-05 09:24:39.389536+00,2026-05-05 23:02:15.199987+00
50,6,16,2026-05-05 13:26:25.302341+00,2026-05-05 13:41:40.903301+00
32,19,150,2026-05-05 03:41:51.553841+00,2026-05-05 18:26:18.066484+00
55,1,183,2026-05-05 13:26:33.405+00,2026-05-05 14:00:37.55269+00
47,9,456,2026-05-05 13:26:35.407288+00,2026-05-06 01:03:09.420342+00
40,4,264,2026-05-05 09:30:57.602094+00,2026-05-05 13:44:06.751091+00
34,6,604,2026-05-05 04:39:53.496753+00,2026-05-06 01:04:07.204724+00
53,5,27,2026-05-05 13:26:34.4053+00,2026-05-05 13:38:37.003606+00
44,6,67,2026-05-05 13:26:21.896315+00,2026-05-05 14:02:36.159946+00
50,10,11,2026-05-05 13:26:55.425178+00,2026-05-05 13:39:44.239729+00
34,10,321,2026-05-05 04:38:20.943842+00,2026-05-06 00:58:14.0501+00
32,14,389,2026-05-05 03:41:45.549236+00,2026-05-05 18:26:21.06954+00
37,12,917,2026-05-05 09:04:57.970026+00,2026-05-05 23:01:32.668016+00
42,15,246,2026-05-05 10:03:03.242434+00,2026-05-05 12:32:24.202936+00
42,20,87,2026-05-05 10:01:47.662379+00,2026-05-05 12:31:00.109504+00
54,6,144,2026-05-05 13:30:35.098262+00,2026-05-05 14:20:44.186449+00
55,8,68,2026-05-05 13:27:02.9284+00,2026-05-05 14:00:41.053824+00
60,9,347,2026-05-05 16:43:54.274077+00,2026-05-06 01:02:07.845733+00
30,7,370,2026-05-05 02:42:03.346044+00,2026-05-06 01:02:08.525787+00
60,6,627,2026-05-05 16:42:00.813447+00,2026-05-06 01:03:20.433927+00
48,1,180,2026-05-05 13:26:15.891443+00,2026-05-05 14:19:42.660647+00
53,3,41,2026-05-05 13:26:34.906431+00,2026-05-05 13:38:42.511688+00
34,5,779,2026-05-05 04:38:22.444208+00,2026-05-06 01:04:11.067638+00
44,1,129,2026-05-05 13:26:23.897174+00,2026-05-05 14:02:41.167184+00
46,8,33,2026-05-05 13:26:29.40065+00,2026-05-05 14:01:56.107045+00
54,9,69,2026-05-05 13:38:47.017321+00,2026-05-05 14:20:50.188618+00
45,4,146,2026-05-05 13:30:30.877088+00,2026-05-05 14:46:56.031278+00
45,8,66,2026-05-05 13:30:54.124782+00,2026-05-05 14:46:01.005879+00
30,2,836,2026-05-05 02:42:08.945159+00,2026-05-06 01:03:25.439515+00
43,17,18,2026-05-05 16:22:17.843057+00,2026-05-05 16:29:55.231098+00
43,13,52,2026-05-05 16:22:07.836548+00,2026-05-05 16:29:56.232811+00
39,12,1172,2026-05-05 09:24:37.888396+00,2026-05-05 12:31:19.632437+00
54,4,191,2026-05-05 13:30:28.089271+00,2026-05-05 14:20:54.192872+00
46,2,125,2026-05-05 13:26:29.40065+00,2026-05-05 14:02:45.493655+00
39,13,1083,2026-05-05 09:24:22.376819+00,2026-05-05 12:31:23.136193+00
19,8,61,2026-05-04 14:07:24.116024+00,2026-05-05 17:34:17.407213+00
41,19,64,2026-05-05 09:59:38.562085+00,2026-05-05 14:02:06.120514+00
31,2,815,2026-05-05 02:43:42.718279+00,2026-05-06 01:04:22.003283+00
43,11,64,2026-05-05 16:21:33.299634+00,2026-05-05 16:30:00.234341+00
38,15,1129,2026-05-05 09:24:42.392638+00,2026-05-05 23:02:21.205507+00
11,6,8508,2026-05-04 09:12:44.916443+00,2026-05-06 01:04:23.125701+00
67,4,1006,2026-05-05 16:42:04.816226+00,2026-05-06 01:04:23.504966+00
47,6,798,2026-05-05 13:26:37.90995+00,2026-05-06 01:04:23.963059+00
63,9,738,2026-05-05 16:41:49.803508+00,2026-05-06 01:04:26.508665+00
11,2,18332,2026-05-04 09:12:44.916443+00,2026-05-06 01:04:27.509316+00
63,7,1022,2026-05-05 16:42:26.828107+00,2026-05-06 01:04:28.889331+00
38,13,1973,2026-05-05 09:24:22.376819+00,2026-05-05 23:02:22.70549+00
64,2,3971,2026-05-05 16:50:16.65799+00,2026-05-06 01:04:32.512255+00
64,10,714,2026-05-05 16:51:45.536327+00,2026-05-06 01:04:32.835071+00
66,9,770,2026-05-05 16:42:16.32366+00,2026-05-06 00:53:22.965109+00
56,9,1124,2026-05-05 13:26:43.916198+00,2026-05-06 01:04:33.838373+00
38,18,727,2026-05-05 09:24:27.879641+00,2026-05-05 23:02:25.70765+00
38,11,2561,2026-05-05 09:24:25.878214+00,2026-05-05 23:02:25.70765+00
44,5,67,2026-05-05 13:26:20.39576+00,2026-05-05 14:02:54.684286+00
20,13,986,2026-05-04 15:31:02.036307+00,2026-05-05 15:45:05.040403+00
46,7,48,2026-05-05 13:26:20.771805+00,2026-05-05 14:02:17.031202+00
48,4,94,2026-05-05 13:26:49.350829+00,2026-05-05 14:20:04.669362+00
54,1,444,2026-05-05 13:30:29.089724+00,2026-05-05 14:21:05.201763+00
15,5,2451,2026-05-04 11:30:49.767397+00,2026-05-05 17:11:44.207287+00
54,8,98,2026-05-05 13:30:32.593041+00,2026-05-05 14:20:12.671544+00
45,1,287,2026-05-05 13:30:40.438036+00,2026-05-05 14:47:21.041165+00
50,5,37,2026-05-05 13:27:17.433119+00,2026-05-05 13:41:18.610995+00
55,10,57,2026-05-05 13:26:38.216789+00,2026-05-05 14:00:18.547822+00
48,6,61,2026-05-05 13:28:13.95074+00,2026-05-05 14:19:16.644753+00
54,2,437,2026-05-05 13:30:27.088416+00,2026-05-05 14:21:20.241776+00
48,3,123,2026-05-05 13:26:25.027223+00,2026-05-05 14:18:21.095754+00
50,8,15,2026-05-05 13:26:27.399979+00,2026-05-05 13:41:24.112446+00
55,3,205,2026-05-05 13:26:34.906431+00,2026-05-05 14:01:13.941978+00
53,1,45,2026-05-05 13:26:30.402001+00,2026-05-05 13:38:17.737742+00
47,1,2316,2026-05-05 13:27:01.68724+00,2026-05-06 01:04:38.018502+00
64,4,1911,2026-05-05 16:50:24.461138+00,2026-05-06 01:04:38.518758+00
66,4,1669,2026-05-05 16:42:21.827169+00,2026-05-06 01:04:39.018531+00
66,8,843,2026-05-05 16:41:47.593174+00,2026-05-06 00:53:42.777989+00
62,9,597,2026-05-05 16:42:34.250497+00,2026-05-06 01:04:41.51953+00
55,2,197,2026-05-05 13:26:44.373458+00,2026-05-05 14:00:58.061516+00
67,7,520,2026-05-05 16:42:37.101594+00,2026-05-06 01:01:43.335296+00
50,1,81,2026-05-05 13:26:23.397027+00,2026-05-05 13:41:10.609284+00
65,6,1214,2026-05-05 16:42:52.849135+00,2026-05-06 01:04:42.8692+00
61,3,1741,2026-05-05 16:42:12.821148+00,2026-05-06 01:04:45.019693+00
43,14,42,2026-05-05 16:21:37.805392+00,2026-05-05 16:29:57.732337+00
43,18,19,2026-05-05 16:21:51.820791+00,2026-05-05 16:29:57.732337+00
45,2,204,2026-05-05 13:30:35.098262+00,2026-05-05 14:47:26.042922+00
65,2,2280,2026-05-05 16:41:43.296586+00,2026-05-06 01:04:45.519951+00
66,1,2474,2026-05-05 16:42:00.313498+00,2026-05-06 01:04:45.676089+00
66,7,1032,2026-05-05 16:42:21.827169+00,2026-05-06 01:04:46.520726+00
56,5,2367,2026-05-05 13:26:47.417451+00,2026-05-06 01:04:47.023771+00
65,10,629,2026-05-05 16:41:54.933231+00,2026-05-06 01:04:47.102352+00
62,2,1904,2026-05-05 16:41:51.806158+00,2026-05-06 01:04:47.524217+00
61,7,886,2026-05-05 16:41:47.593174+00,2026-05-06 01:03:59.474452+00
11,16,2751,2026-05-04 10:57:20.289403+00,2026-05-06 00:15:02.508058+00
67,5,743,2026-05-05 16:42:18.218941+00,2026-05-06 01:04:04.48151+00
11,14,4479,2026-05-04 10:57:09.417856+00,2026-05-06 00:59:19.273939+00
60,8,422,2026-05-05 16:41:46.801342+00,2026-05-06 01:04:09.005458+00
63,5,1521,2026-05-05 16:41:46.801342+00,2026-05-06 01:04:12.163109+00
56,8,1303,2026-05-05 13:27:03.428623+00,2026-05-06 01:04:13.755824+00
67,8,412,2026-05-05 16:43:30.883481+00,2026-05-06 01:04:13.992705+00
64,7,1154,2026-05-05 16:50:27.405015+00,2026-05-06 01:04:14.20736+00
64,5,1618,2026-05-05 16:50:27.163449+00,2026-05-06 01:04:14.996037+00
11,11,7004,2026-05-04 10:57:09.417856+00,2026-05-06 00:15:18.01773+00
64,9,810,2026-05-05 16:50:27.163449+00,2026-05-06 01:04:18.499459+00
60,3,1089,2026-05-05 16:41:56.811028+00,2026-05-06 01:04:22.504214+00
65,8,873,2026-05-05 16:42:21.827169+00,2026-05-06 01:04:29.986212+00
61,1,2382,2026-05-05 16:41:44.297547+00,2026-05-06 01:04:29.986212+00
66,6,1339,2026-05-05 16:42:08.819134+00,2026-05-06 01:04:31.191487+00
11,1,21957,2026-05-04 09:12:55.924479+00,2026-05-06 01:04:32.196307+00
66,5,1412,2026-05-05 16:41:50.804238+00,2026-05-06 01:04:33.838373+00
64,8,940,2026-05-05 16:50:18.541463+00,2026-05-06 01:04:34.514104+00
44,3,100,2026-05-05 13:26:28.319106+00,2026-05-05 14:02:51.680242+00
62,7,836,2026-05-05 16:42:13.091342+00,2026-05-06 01:02:36.380181+00
60,10,284,2026-05-05 16:41:58.866066+00,2026-05-06 01:04:36.517029+00
43,16,32,2026-05-05 16:21:45.763163+00,2026-05-05 16:29:58.233524+00
45,7,73,2026-05-05 13:38:28.996508+00,2026-05-05 14:46:38.881702+00
67,2,1219,2026-05-05 16:42:35.336724+00,2026-05-06 01:04:37.017787+00
41,13,106,2026-05-05 09:59:52.071777+00,2026-05-05 14:01:54.102793+00
50,2,71,2026-05-05 13:26:27.719942+00,2026-05-05 13:41:38.120328+00
64,6,1389,2026-05-05 16:50:20.159218+00,2026-05-06 01:04:38.018502+00
65,5,1424,2026-05-05 16:42:24.82767+00,2026-05-06 01:04:38.518758+00
67,10,314,2026-05-05 16:42:33.835137+00,2026-05-06 01:04:38.518758+00
56,3,3411,2026-05-05 13:26:37.90995+00,2026-05-06 01:04:39.518331+00
62,1,2355,2026-05-05 16:41:39.290384+00,2026-05-06 01:04:40.169369+00
65,7,1074,2026-05-05 16:41:59.812617+00,2026-05-06 01:04:40.24065+00
63,4,1768,2026-05-05 16:41:53.308275+00,2026-05-06 01:04:40.51942+00
61,5,1278,2026-05-05 16:41:58.311356+00,2026-05-06 01:04:41.51953+00
65,4,1629,2026-05-05 16:42:01.813263+00,2026-05-06 01:04:42.8692+00
62,8,641,2026-05-05 16:42:13.822021+00,2026-05-06 01:04:43.177133+00
19,14,198,2026-05-04 14:16:04.388501+00,2026-05-05 17:38:57.651198+00
64,1,4208,2026-05-05 16:50:17.739145+00,2026-05-06 01:04:43.75269+00
67,1,1779,2026-05-05 16:42:23.187179+00,2026-05-06 01:04:45.019693+00
61,2,1954,2026-05-05 16:41:48.302939+00,2026-05-06 01:04:45.019693+00
61,4,1564,2026-05-05 16:43:01.855661+00,2026-05-06 01:04:45.20049+00
66,3,2334,2026-05-05 16:41:52.307231+00,2026-05-06 01:04:46.221423+00
65,1,2526,2026-05-05 16:41:54.169349+00,2026-05-06 01:04:46.520726+00
31,4,723,2026-05-05 02:43:38.715221+00,2026-05-06 01:04:48.024951+00
61,6,1091,2026-05-05 16:41:52.307231+00,2026-05-06 01:03:51.9667+00
60,7,558,2026-05-05 16:41:37.287826+00,2026-05-06 01:03:54.469612+00
11,15,3457,2026-05-04 10:57:17.428286+00,2026-05-06 00:59:20.775003+00
66,10,678,2026-05-05 16:41:52.307231+00,2026-05-06 01:04:04.946325+00
62,10,515,2026-05-05 16:43:18.295303+00,2026-05-06 01:03:05.417014+00
60,1,1773,2026-05-05 16:41:52.307231+00,2026-05-06 01:04:13.992705+00
61,8,673,2026-05-05 16:41:49.158605+00,2026-05-06 01:04:19.499817+00
62,3,1734,2026-05-05 16:42:19.325651+00,2026-05-06 01:04:19.774197+00
60,4,978,2026-05-05 16:41:42.193313+00,2026-05-06 01:04:21.000656+00
62,6,1057,2026-05-05 16:41:49.158605+00,2026-05-06 01:03:23.437745+00
63,10,567,2026-05-05 16:42:22.195486+00,2026-05-06 01:04:24.505712+00
63,6,1197,2026-05-05 16:42:17.13676+00,2026-05-06 01:04:25.007253+00
63,8,838,2026-05-05 16:41:57.811655+00,2026-05-06 01:04:30.823478+00
11,7,6946,2026-05-04 09:12:50.422493+00,2026-05-06 01:04:32.835071+00
60,2,1274,2026-05-05 16:41:55.810454+00,2026-05-06 01:04:33.512273+00
66,2,2430,2026-05-05 16:42:10.820683+00,2026-05-06 01:04:35.516236+00
47,8,497,2026-05-05 13:29:11.998168+00,2026-05-06 01:03:27.942219+00
